order_month,category,discount_band,discount_band_rank,order_lines,orders,units,units_per_line,gross_revenue,discount_given,net_revenue,contribution_margin,avg_discount_rate,net_revenue_per_unit,margin_per_unit,contribution_margin_rate,returned_lines,return_line_rate
2024-09-01,Footwear,0%,0,91,78,113,1.242,10620.72,0.00,10620.72,3992.61,0.0,93.99,35.33,0.3759,24,0.2637
2025-01-01,Apparel,0%,0,135,114,158,1.17,11955.03,0.00,11955.03,4892.86,0.0,75.66,30.97,0.4093,37,0.2741
2024-12-01,Electronics,20-30%,3,20,20,24,1.2,6104.34,1500.92,4603.42,-654.24,0.2468,191.81,-27.26,-0.1421,1,0.05
2025-07-01,Apparel,0%,0,234,186,269,1.15,20260.47,0.00,20260.47,8763.26,0.0,75.32,32.58,0.4325,50,0.2137
2025-04-01,Electronics,0%,0,117,97,154,1.316,43468.60,0.00,43468.60,5456.71,0.0,282.26,35.43,0.1255,10,0.0855
2025-10-01,Electronics,1-10%,1,13,13,15,1.154,4421.32,215.55,4205.77,436.52,0.0558,280.38,29.1,0.1038,2,0.1538
2025-11-01,Sports & Outdoors,10-20%,2,17,17,22,1.294,4218.89,624.21,3594.68,764.48,0.1461,163.39,34.75,0.2127,3,0.1765
2025-12-01,Footwear,20-30%,3,25,25,33,1.32,2736.77,695.65,2041.12,537.73,0.2534,61.85,16.29,0.2634,6,0.24
2026-01-01,Beauty,10-20%,2,17,15,21,1.235,1126.75,177.74,949.01,472.27,0.1579,45.19,22.49,0.4976,1,0.0588
2026-03-01,Sports & Outdoors,10-20%,2,19,19,27,1.421,4713.38,730.79,3982.59,792.27,0.1546,147.5,29.34,0.1989,3,0.1579
2024-04-01,Beauty,0%,0,67,56,86,1.284,4159.05,0.00,4159.05,2441.38,0.0,48.36,28.39,0.587,2,0.0299
2024-06-01,Electronics,1-10%,1,5,5,6,1.2,1893.52,127.05,1766.47,143.93,0.0629,294.41,23.99,0.0815,0,0.0
2025-02-01,Apparel,10-20%,2,23,22,29,1.261,2420.46,350.46,2070.00,859.97,0.1467,71.38,29.65,0.4154,5,0.2174
2024-11-01,Footwear,20-30%,3,23,23,30,1.304,2838.30,744.42,2093.88,497.61,0.2591,69.8,16.59,0.2376,7,0.3043
2024-10-01,Sports & Outdoors,0%,0,80,73,91,1.138,17399.19,0.00,17399.19,4563.45,0.0,191.2,50.15,0.2623,17,0.2125
2024-12-01,Sports & Outdoors,20-30%,3,17,17,21,1.235,3630.72,960.56,2670.16,192.21,0.2611,127.15,9.15,0.072,4,0.2353
2025-05-01,Beauty,0%,0,89,77,102,1.146,5202.35,0.00,5202.35,2858.03,0.0,51.0,28.02,0.5494,7,0.0787
2025-01-01,Electronics,0%,0,101,79,121,1.198,30134.83,0.00,30134.83,3941.6,0.0,249.05,32.58,0.1308,7,0.0693
2025-01-01,Sports & Outdoors,0%,0,59,53,78,1.322,12671.78,0.00,12671.78,4357.54,0.0,162.46,55.87,0.3439,6,0.1017
2025-05-01,Electronics,20-30%,3,23,23,25,1.087,6720.51,1641.25,5079.26,-625.01,0.2483,203.17,-25.0,-0.1231,1,0.0435
2025-08-01,Beauty,20-30%,3,17,16,21,1.235,1132.47,266.75,865.72,374.34,0.2385,41.22,17.83,0.4324,2,0.1176
2025-08-01,Electronics,0%,0,129,112,175,1.357,49759.93,0.00,49759.93,6903.69,0.0,284.34,39.45,0.1387,7,0.0543
2025-05-01,Beauty,10-20%,2,17,16,19,1.118,1147.82,156.29,991.53,494.66,0.1365,52.19,26.03,0.4989,1,0.0588
2025-09-01,Sports & Outdoors,0%,0,90,82,108,1.2,19016.57,0.00,19016.57,6657.0,0.0,176.08,61.64,0.3501,9,0.1
2025-06-01,Beauty,0%,0,81,70,96,1.185,4994.04,0.00,4994.04,2959.73,0.0,52.02,30.83,0.5927,1,0.0123
2026-01-01,Sports & Outdoors,10-20%,2,16,15,20,1.25,3052.00,412.37,2639.63,427.03,0.1398,131.98,21.35,0.1618,5,0.3125
2025-11-01,Beauty,20-30%,3,22,20,25,1.136,1454.53,345.91,1108.62,531.51,0.2401,44.34,21.26,0.4794,0,0.0
2025-10-01,Sports & Outdoors,10-20%,2,16,16,16,1.0,2396.05,385.05,2011.00,152.6,0.1549,125.69,9.54,0.0759,4,0.25
2026-04-01,Apparel,10-20%,2,28,28,42,1.5,2636.18,405.41,2230.77,567.45,0.155,53.11,13.51,0.2544,10,0.3571
2026-02-01,Footwear,20-30%,3,14,14,15,1.071,1550.97,386.56,1164.41,296.24,0.2499,77.63,19.75,0.2544,4,0.2857
2026-04-01,Beauty,20-30%,3,14,14,18,1.286,1019.82,267.89,751.93,350.49,0.2528,41.77,19.47,0.4661,0,0.0
2026-03-01,Beauty,30%+,4,14,14,17,1.214,846.81,326.53,520.28,206.25,0.3792,30.6,12.13,0.3964,0,0.0
2026-03-01,Apparel,30%+,4,24,23,38,1.583,3149.35,1314.92,1834.43,335.77,0.3992,48.27,8.84,0.183,5,0.2083
2026-05-01,Footwear,30%+,4,15,14,17,1.133,1599.65,577.95,1021.70,148.54,0.3591,60.1,8.74,0.1454,5,0.3333
2024-07-01,Home & Kitchen,20-30%,3,17,14,22,1.294,2667.26,660.03,2007.23,95.1,0.2452,91.24,4.32,0.0474,2,0.1176
2024-09-01,Home & Kitchen,1-10%,1,12,11,16,1.333,1171.50,40.60,1130.90,180.6,0.0428,70.68,11.29,0.1597,4,0.3333
2024-01-01,Sports & Outdoors,20-30%,3,1,1,1,1.0,272.93,62.80,210.13,67.34,0.2301,210.13,67.34,0.3205,0,0.0
2024-06-01,Beauty,10-20%,2,6,6,10,1.667,626.83,84.97,541.86,275.11,0.1326,54.19,27.51,0.5077,0,0.0
2025-02-01,Sports & Outdoors,10-20%,2,8,8,11,1.375,2113.93,361.07,1752.86,440.44,0.1644,159.35,40.04,0.2513,1,0.125
2025-12-01,Beauty,20-30%,3,17,16,20,1.176,1038.24,261.40,776.84,356.0,0.2531,38.84,17.8,0.4583,0,0.0
2026-01-01,Electronics,10-20%,2,20,19,23,1.15,6634.63,956.61,5678.02,157.16,0.142,246.87,6.83,0.0277,2,0.1
2026-05-01,Sports & Outdoors,10-20%,2,16,15,18,1.125,3606.15,548.56,3057.59,942.34,0.1443,169.87,52.35,0.3082,1,0.0625
2024-01-01,Home & Kitchen,20-30%,3,8,7,9,1.125,944.80,245.06,699.74,65.47,0.2603,77.75,7.27,0.0936,1,0.125
2026-05-01,Electronics,1-10%,1,11,11,13,1.182,2963.44,178.28,2785.16,200.24,0.0588,214.24,15.4,0.0719,1,0.0909
2024-02-01,Beauty,20-30%,3,7,7,7,1.0,337.83,78.42,259.41,126.65,0.2302,37.06,18.09,0.4882,0,0.0
2024-09-01,Beauty,20-30%,3,6,6,9,1.5,493.31,114.14,379.17,196.58,0.2358,42.13,21.84,0.5184,0,0.0
2026-06-01,Beauty,20-30%,3,10,9,12,1.2,525.44,128.26,397.18,157.53,0.2492,33.1,13.13,0.3966,1,0.1
2025-01-01,Electronics,1-10%,1,9,9,11,1.222,3542.94,207.45,3335.49,359.19,0.0612,303.23,32.65,0.1077,0,0.0
2024-04-01,Beauty,20-30%,3,4,4,5,1.25,289.30,73.77,215.53,92.75,0.2572,43.11,18.55,0.4303,0,0.0
2024-03-01,Footwear,1-10%,1,2,2,3,1.5,138.33,4.79,133.54,43.68,0.0354,44.51,14.56,0.3271,1,0.5
2024-11-01,Footwear,10-20%,2,17,17,20,1.176,1617.73,243.55,1374.18,399.84,0.15,68.71,19.99,0.291,5,0.2941
2024-04-01,Apparel,0%,0,128,108,154,1.203,11366.56,0.00,11366.56,5327.85,0.0,73.81,34.6,0.4687,28,0.2188
2024-12-01,Apparel,0%,0,228,194,282,1.237,19850.33,0.00,19850.33,8358.68,0.0,70.39,29.64,0.4211,52,0.2281
2024-10-01,Electronics,0%,0,114,91,140,1.228,38397.71,0.00,38397.71,4448.47,0.0,274.27,31.77,0.1159,9,0.0789
2025-05-01,Footwear,30%+,4,10,10,15,1.5,1706.86,715.32,991.54,82.13,0.3916,66.1,5.48,0.0828,5,0.5
2024-12-01,Sports & Outdoors,0%,0,94,80,111,1.181,19519.74,0.00,19519.74,6863.37,0.0,175.85,61.83,0.3516,11,0.117
2025-10-01,Electronics,0%,0,147,115,180,1.224,48379.47,0.00,48379.47,4360.8,0.0,268.77,24.23,0.0901,15,0.102
2025-09-01,Apparel,0%,0,213,174,283,1.329,19688.98,0.00,19688.98,7651.98,0.0,69.57,27.04,0.3886,56,0.2629
2026-05-01,Electronics,20-30%,3,21,20,28,1.333,7048.82,1718.83,5329.99,-531.75,0.2479,190.36,-18.99,-0.0998,4,0.1905
2026-05-01,Electronics,0%,0,137,112,169,1.234,47678.79,0.00,47678.79,5418.33,0.0,282.12,32.06,0.1136,12,0.0876
2024-01-01,Sports & Outdoors,30%+,4,18,13,23,1.278,4734.20,2051.24,2682.96,12.73,0.4302,116.65,0.55,0.0047,2,0.1111
2024-03-01,Sports & Outdoors,0%,0,43,38,51,1.186,8223.12,0.00,8223.12,2793.31,0.0,161.24,54.77,0.3397,5,0.1163
2024-06-01,Apparel,30%+,4,26,25,33,1.269,2073.08,821.18,1251.90,273.58,0.4028,37.94,8.29,0.2185,4,0.1538
2024-02-01,Sports & Outdoors,0%,0,33,31,44,1.333,7182.64,0.00,7182.64,2421.4,0.0,163.24,55.03,0.3371,6,0.1818
2024-08-01,Apparel,0%,0,158,123,195,1.234,14852.52,0.00,14852.52,6878.33,0.0,76.17,35.27,0.4631,31,0.1962
2024-10-01,Home & Kitchen,0%,0,161,134,213,1.323,21859.17,0.00,21859.17,6609.23,0.0,102.63,31.03,0.3024,11,0.0683
2024-10-01,Home & Kitchen,20-30%,3,20,20,24,1.2,2368.46,584.94,1783.52,181.39,0.2468,74.31,7.56,0.1017,2,0.1
2024-12-01,Beauty,20-30%,3,19,19,24,1.263,1123.53,281.18,842.35,372.91,0.2498,35.1,15.54,0.4427,1,0.0526
2024-11-01,Beauty,0%,0,81,71,93,1.148,4726.63,0.00,4726.63,2682.6,0.0,50.82,28.85,0.5676,2,0.0247
2025-03-01,Sports & Outdoors,0%,0,67,60,86,1.284,15099.68,0.00,15099.68,5544.18,0.0,175.58,64.47,0.3672,5,0.0746
2025-03-01,Apparel,20-30%,3,23,23,26,1.13,1534.63,386.17,1148.46,434.28,0.2475,44.17,16.7,0.3781,3,0.1304
2025-04-01,Electronics,30%+,4,9,9,13,1.444,3737.79,1465.39,2272.40,-709.6,0.3688,174.8,-54.58,-0.3123,1,0.1111
2024-11-01,Electronics,1-10%,1,9,9,10,1.111,3528.84,210.38,3318.46,302.97,0.0613,331.85,30.3,0.0913,0,0.0
2025-02-01,Home & Kitchen,10-20%,2,12,11,15,1.25,1696.70,249.99,1446.71,146.71,0.145,96.45,9.78,0.1014,2,0.1667
2025-03-01,Sports & Outdoors,10-20%,2,15,15,17,1.133,3415.78,532.62,2883.16,946.73,0.1542,169.6,55.69,0.3284,0,0.0
2025-04-01,Beauty,10-20%,2,13,13,14,1.077,662.45,99.82,562.63,219.14,0.154,40.19,15.65,0.3895,3,0.2308
2025-05-01,Sports & Outdoors,1-10%,1,9,8,11,1.222,2123.14,120.34,2002.80,664.39,0.0522,182.07,60.4,0.3317,1,0.1111
2025-06-01,Footwear,0%,0,100,81,117,1.17,10902.69,0.00,10902.69,4012.32,0.0,93.19,34.29,0.368,23,0.23
2025-06-01,Beauty,30%+,4,24,21,28,1.167,1576.43,670.96,905.47,280.61,0.4228,32.34,10.02,0.3099,0,0.0
2025-06-01,Electronics,1-10%,1,10,10,14,1.4,4121.62,174.76,3946.86,272.77,0.0496,281.92,19.48,0.0691,1,0.1
2025-09-01,Sports & Outdoors,20-30%,3,11,10,12,1.091,2091.40,544.07,1547.33,248.07,0.259,128.94,20.67,0.1603,1,0.0909
2026-03-01,Electronics,20-30%,3,25,25,29,1.16,7759.43,1907.77,5851.66,-948.7,0.2476,201.78,-32.71,-0.1621,0,0.0
2026-04-01,Sports & Outdoors,0%,0,94,80,105,1.117,18599.94,0.00,18599.94,5801.4,0.0,177.14,55.25,0.3119,15,0.1596
2026-03-01,Electronics,30%+,4,18,18,23,1.278,6649.41,2891.43,3757.98,-1809.82,0.4171,163.39,-78.69,-0.4816,0,0.0
2026-05-01,Beauty,0%,0,113,94,136,1.204,7228.32,0.00,7228.32,4179.41,0.0,53.15,30.73,0.5782,4,0.0354
2026-02-01,Electronics,1-10%,1,14,14,14,1.0,2899.13,148.01,2751.12,282.52,0.0522,196.51,20.18,0.1027,1,0.0714
2026-02-01,Footwear,10-20%,2,11,11,11,1.0,1153.15,165.62,987.53,211.23,0.1461,89.78,19.2,0.2139,3,0.2727
2026-03-01,Beauty,1-10%,1,14,14,15,1.071,751.83,26.39,725.44,418.29,0.0375,48.36,27.89,0.5766,1,0.0714
2026-06-01,Apparel,10-20%,2,15,14,18,1.2,1363.37,206.59,1156.78,366.56,0.1554,64.27,20.36,0.3169,4,0.2667
2024-11-01,Apparel,10-20%,2,17,17,22,1.294,1395.97,220.00,1175.97,347.45,0.1614,53.45,15.79,0.2955,5,0.2941
2025-12-01,Footwear,10-20%,2,27,25,35,1.296,3463.40,521.65,2941.75,895.53,0.1533,84.05,25.59,0.3044,8,0.2963
2025-08-01,Apparel,1-10%,1,28,27,36,1.286,2116.81,125.39,1991.42,739.82,0.058,55.32,20.55,0.3715,8,0.2857
2024-02-01,Footwear,10-20%,2,9,9,15,1.667,1286.98,190.91,1096.07,430.63,0.153,73.07,28.71,0.3929,1,0.1111
2024-10-01,Sports & Outdoors,20-30%,3,11,11,12,1.091,2236.25,584.80,1651.45,350.3,0.2581,137.62,29.19,0.2121,0,0.0
2025-07-01,Sports & Outdoors,20-30%,3,11,10,12,1.091,1702.16,405.75,1296.41,55.26,0.2384,108.03,4.6,0.0426,3,0.2727
2025-01-01,Home & Kitchen,1-10%,1,11,11,12,1.091,1298.61,74.24,1224.37,323.5,0.0513,102.03,26.96,0.2642,1,0.0909
2025-03-01,Beauty,10-20%,2,12,12,19,1.583,872.31,120.45,751.86,399.4,0.1468,39.57,21.02,0.5312,0,0.0
2024-10-01,Apparel,1-10%,1,19,19,21,1.105,1387.09,70.79,1316.30,567.69,0.0471,62.68,27.03,0.4313,4,0.2105
2024-12-01,Home & Kitchen,30%+,4,27,26,34,1.259,3230.80,1268.72,1962.08,-124.43,0.3944,57.71,-3.66,-0.0634,5,0.1852
2025-03-01,Footwear,30%+,4,12,12,15,1.25,1083.81,383.48,700.33,144.54,0.353,46.69,9.64,0.2064,2,0.1667
2025-05-01,Beauty,1-10%,1,7,6,9,1.286,505.98,16.07,489.91,286.7,0.0347,54.43,31.86,0.5852,0,0.0
2025-06-01,Sports & Outdoors,30%+,4,18,17,22,1.222,4525.00,1851.35,2673.65,90.84,0.4265,121.53,4.13,0.034,3,0.1667
2026-06-01,Sports & Outdoors,30%+,4,8,7,9,1.125,1425.74,661.85,763.89,-22.74,0.4504,84.88,-2.53,-0.0298,0,0.0
2024-09-01,Sports & Outdoors,20-30%,3,10,10,14,1.4,1893.36,450.65,1442.71,203.21,0.2378,103.05,14.52,0.1409,1,0.1
2024-03-01,Home & Kitchen,20-30%,3,8,8,8,1.0,964.86,224.94,739.92,111.37,0.2341,92.49,13.92,0.1505,0,0.0
2024-06-01,Beauty,1-10%,1,4,4,4,1.0,177.81,8.55,169.26,106.8,0.0494,42.32,26.7,0.631,0,0.0
2025-08-01,Apparel,30%+,4,10,10,15,1.5,1135.19,467.99,667.20,128.24,0.3994,44.48,8.55,0.1922,1,0.1
2024-03-01,Electronics,10-20%,2,6,6,7,1.167,2118.33,359.34,1758.99,-65.1,0.167,251.28,-9.3,-0.037,0,0.0
2024-03-01,Home & Kitchen,1-10%,1,4,4,4,1.0,401.73,7.45,394.28,145.74,0.0307,98.57,36.43,0.3696,0,0.0
2024-01-01,Home & Kitchen,30%+,4,10,10,13,1.3,1346.27,487.50,858.77,-34.21,0.4068,66.06,-2.63,-0.0398,1,0.1
2024-02-01,Electronics,1-10%,1,5,5,5,1.0,1578.98,94.97,1484.01,146.92,0.0592,296.8,29.38,0.099,1,0.2
2025-10-01,Beauty,1-10%,1,9,9,9,1.0,470.33,24.58,445.75,249.26,0.0541,49.53,27.7,0.5592,1,0.1111
2024-05-01,Sports & Outdoors,0%,0,55,46,64,1.164,12360.16,0.00,12360.16,4316.58,0.0,193.13,67.45,0.3492,7,0.1273
2024-07-01,Home & Kitchen,0%,0,97,81,125,1.289,12418.13,0.00,12418.13,3729.24,0.0,99.35,29.83,0.3003,9,0.0928
2024-11-01,Footwear,30%+,4,20,18,21,1.05,2009.69,867.28,1142.41,134.5,0.4316,54.4,6.4,0.1177,3,0.15
2024-10-01,Apparel,10-20%,2,35,33,38,1.086,2530.93,380.51,2150.42,830.25,0.1494,56.59,21.85,0.3861,8,0.2286
2024-12-01,Footwear,0%,0,114,94,146,1.281,12931.44,0.00,12931.44,4560.18,0.0,88.57,31.23,0.3526,25,0.2193
2025-05-01,Apparel,0%,0,210,160,267,1.271,19660.20,0.00,19660.20,8551.13,0.0,73.63,32.03,0.4349,42,0.2
2025-07-01,Home & Kitchen,0%,0,136,120,170,1.25,17690.87,0.00,17690.87,5205.97,0.0,104.06,30.62,0.2943,13,0.0956
2025-06-01,Apparel,30%+,4,54,51,70,1.296,5089.34,2115.19,2974.15,595.88,0.4146,42.49,8.51,0.2004,16,0.2963
2025-10-01,Footwear,30%+,4,23,22,32,1.391,2750.64,1047.59,1703.05,200.88,0.3812,53.22,6.28,0.118,8,0.3478
2025-12-01,Home & Kitchen,0%,0,145,129,176,1.214,17895.93,0.00,17895.93,5542.08,0.0,101.68,31.49,0.3097,14,0.0966
2026-05-01,Apparel,30%+,4,24,24,29,1.208,2039.40,724.23,1315.17,259.26,0.3579,45.35,8.94,0.1971,5,0.2083
2024-01-01,Beauty,30%+,4,7,7,9,1.286,527.01,196.33,330.68,112.42,0.387,36.74,12.49,0.34,0,0.0
2024-01-01,Electronics,0%,0,34,29,42,1.235,12260.90,0.00,12260.90,1897.89,0.0,291.93,45.19,0.1548,1,0.0294
2024-08-01,Apparel,20-30%,3,19,19,26,1.368,2137.03,515.43,1621.60,471.94,0.2441,62.37,18.15,0.291,4,0.2105
2024-06-01,Sports & Outdoors,10-20%,2,7,7,9,1.286,1325.45,183.97,1141.48,336.87,0.1421,126.83,37.43,0.2951,1,0.1429
2024-09-01,Footwear,1-10%,1,12,11,15,1.25,1648.96,86.33,1562.63,557.82,0.0566,104.18,37.19,0.357,3,0.25
2024-10-01,Electronics,20-30%,3,13,13,16,1.231,6415.82,1602.90,4812.92,-625.64,0.2464,300.81,-39.1,-0.13,0,0.0
2024-10-01,Sports & Outdoors,30%+,4,7,6,10,1.429,1858.32,736.56,1121.76,22.68,0.3901,112.18,2.27,0.0202,1,0.1429
2024-10-01,Sports & Outdoors,10-20%,2,7,7,9,1.286,1560.73,222.66,1338.07,404.26,0.1447,148.67,44.92,0.3021,0,0.0
2025-06-01,Footwear,10-20%,2,21,20,26,1.238,2052.31,354.61,1697.70,370.38,0.1695,65.3,14.25,0.2182,6,0.2857
2025-04-01,Footwear,10-20%,2,20,20,24,1.2,1817.10,293.69,1523.41,446.82,0.1563,63.48,18.62,0.2933,4,0.2
2024-12-01,Beauty,10-20%,2,18,18,21,1.167,1030.10,159.57,870.53,474.88,0.1519,41.45,22.61,0.5455,0,0.0
2025-04-01,Beauty,0%,0,88,75,98,1.114,4812.74,0.00,4812.74,2798.28,0.0,49.11,28.55,0.5814,3,0.0341
2025-03-01,Home & Kitchen,1-10%,1,14,14,20,1.429,2022.20,110.45,1911.75,586.23,0.0605,95.59,29.31,0.3066,2,0.1429
2025-11-01,Beauty,30%+,4,37,35,49,1.324,2587.21,1012.49,1574.72,554.22,0.4079,32.14,11.31,0.3519,1,0.027
2026-01-01,Footwear,0%,0,98,88,123,1.255,11166.24,0.00,11166.24,3987.85,0.0,90.78,32.42,0.3571,25,0.2551
2025-12-01,Electronics,10-20%,2,29,27,31,1.069,10069.91,1532.11,8537.80,-50.06,0.1509,275.41,-1.61,-0.0059,2,0.069
2026-04-01,Beauty,0%,0,98,88,120,1.224,6477.44,0.00,6477.44,3663.03,0.0,53.98,30.53,0.5655,4,0.0408
2026-02-01,Home & Kitchen,30%+,4,14,14,18,1.286,1910.95,824.18,1086.77,-238.23,0.4326,60.38,-13.24,-0.2192,2,0.1429
2026-05-01,Beauty,20-30%,3,23,22,26,1.13,1270.91,316.88,954.03,435.71,0.2483,36.69,16.76,0.4567,0,0.0
2024-05-01,Home & Kitchen,10-20%,2,15,14,17,1.133,1537.95,249.98,1287.97,222.83,0.1512,75.76,13.11,0.173,2,0.1333
2024-03-01,Apparel,20-30%,3,16,16,18,1.125,982.85,230.02,752.83,229.46,0.2359,41.82,12.75,0.3048,4,0.25
2024-06-01,Beauty,20-30%,3,11,11,15,1.364,831.34,217.35,613.99,261.87,0.2543,40.93,17.46,0.4265,1,0.0909
2025-01-01,Sports & Outdoors,20-30%,3,8,8,8,1.0,1195.08,300.77,894.31,201.83,0.2483,111.79,25.23,0.2257,1,0.125
2024-10-01,Electronics,10-20%,2,20,19,28,1.4,7927.90,1289.50,6638.40,-584.1,0.1615,237.09,-20.86,-0.088,1,0.05
2025-04-01,Electronics,10-20%,2,21,21,28,1.333,7698.61,1152.67,6545.94,64.75,0.1553,233.78,2.31,0.0099,1,0.0476
2025-06-01,Sports & Outdoors,10-20%,2,11,11,15,1.364,2974.82,457.17,2517.65,732.51,0.1677,167.84,48.83,0.2909,0,0.0
2025-09-01,Footwear,1-10%,1,11,11,16,1.455,1614.75,69.08,1545.67,611.16,0.0531,96.6,38.2,0.3954,3,0.2727
2025-12-01,Home & Kitchen,30%+,4,46,45,51,1.109,4987.04,2123.55,2863.49,-440.65,0.4211,56.15,-8.64,-0.1539,4,0.087
2025-08-01,Home & Kitchen,30%+,4,11,11,12,1.091,1271.93,509.27,762.66,-67.76,0.3916,63.56,-5.65,-0.0888,0,0.0
2026-06-01,Sports & Outdoors,10-20%,2,5,5,5,1.0,980.19,156.45,823.74,212.59,0.16,164.75,42.52,0.2581,2,0.4
2026-04-01,Footwear,30%+,4,22,22,27,1.227,2625.79,1064.64,1561.15,257.9,0.3965,57.82,9.55,0.1652,8,0.3636
2024-01-01,Electronics,10-20%,2,9,8,10,1.111,2987.42,448.06,2539.36,53.6,0.1558,253.94,5.36,0.0211,0,0.0
2025-12-01,Sports & Outdoors,1-10%,1,15,15,21,1.4,4062.02,198.72,3863.30,1483.8,0.0542,183.97,70.66,0.3841,0,0.0
2024-08-01,Beauty,1-10%,1,8,7,10,1.25,579.52,35.38,544.14,325.19,0.0623,54.41,32.52,0.5976,0,0.0
2025-06-01,Beauty,1-10%,1,13,13,16,1.231,899.65,32.96,866.69,500.94,0.0437,54.17,31.31,0.578,0,0.0
2024-02-01,Sports & Outdoors,1-10%,1,2,2,3,1.5,551.01,18.21,532.80,222.68,0.0384,177.6,74.23,0.4179,0,0.0
2024-06-01,Apparel,1-10%,1,20,18,24,1.2,1344.04,57.56,1286.48,553.36,0.0446,53.6,23.06,0.4301,5,0.25
2024-04-01,Apparel,10-20%,2,24,20,31,1.292,2080.25,318.12,1762.13,611.04,0.1456,56.84,19.71,0.3468,7,0.2917
2025-04-01,Apparel,0%,0,200,164,261,1.305,20259.03,0.00,20259.03,6899.77,0.0,77.62,26.44,0.3406,59,0.295
2024-07-01,Home & Kitchen,1-10%,1,15,15,19,1.267,2430.07,141.39,2288.68,705.26,0.0532,120.46,37.12,0.3082,1,0.0667
2025-05-01,Sports & Outdoors,0%,0,76,66,89,1.171,14816.79,0.00,14816.79,4677.38,0.0,166.48,52.55,0.3157,12,0.1579
2025-05-01,Footwear,10-20%,2,18,18,23,1.278,2157.29,316.17,1841.12,621.37,0.1501,80.05,27.02,0.3375,4,0.2222
2025-05-01,Electronics,0%,0,106,98,128,1.208,35798.54,0.00,35798.54,4128.17,0.0,279.68,32.25,0.1153,9,0.0849
2025-07-01,Apparel,10-20%,2,37,35,52,1.405,3729.72,567.16,3162.56,1229.96,0.1497,60.82,23.65,0.3889,6,0.1622
2025-12-01,Apparel,0%,0,275,214,338,1.229,23607.42,0.00,23607.42,9115.1,0.0,69.84,26.97,0.3861,71,0.2582
2026-01-01,Footwear,10-20%,2,16,15,22,1.375,2050.47,278.57,1771.90,606.42,0.1419,80.54,27.56,0.3422,5,0.3125
2026-04-01,Electronics,0%,0,125,111,155,1.24,44177.33,0.00,44177.33,3713.74,0.0,285.02,23.96,0.0841,11,0.088
2024-02-01,Footwear,30%+,4,4,4,8,2.0,707.75,311.44,396.31,42.21,0.4562,49.54,5.28,0.1065,1,0.25
2024-11-01,Beauty,1-10%,1,9,9,11,1.222,645.62,38.03,607.59,338.88,0.059,55.24,30.81,0.5577,0,0.0
2024-04-01,Home & Kitchen,10-20%,2,14,14,21,1.5,2872.73,441.20,2431.53,491.26,0.1445,115.79,23.39,0.202,0,0.0
2025-02-01,Home & Kitchen,20-30%,3,16,16,20,1.25,2071.43,499.07,1572.36,118.45,0.2423,78.62,5.92,0.0753,2,0.125
2025-11-01,Sports & Outdoors,1-10%,1,12,12,17,1.417,2504.03,140.56,2363.47,781.85,0.0505,139.03,45.99,0.3308,2,0.1667
2025-04-01,Home & Kitchen,1-10%,1,19,19,23,1.211,2245.79,94.82,2150.97,512.49,0.0517,93.52,22.28,0.2383,3,0.1579
2025-06-01,Electronics,30%+,4,27,26,33,1.222,9471.83,3934.54,5537.29,-2384.99,0.4151,167.8,-72.27,-0.4307,2,0.0741
2025-10-01,Electronics,20-30%,3,25,23,34,1.36,9342.18,2403.98,6938.20,-976.02,0.2546,204.06,-28.71,-0.1407,1,0.04
2025-09-01,Home & Kitchen,30%+,4,20,19,23,1.15,2409.15,973.35,1435.80,-143.96,0.3973,62.43,-6.26,-0.1003,2,0.1
2025-10-01,Home & Kitchen,20-30%,3,21,21,26,1.238,2797.26,679.75,2117.51,302.98,0.2467,81.44,11.65,0.1431,0,0.0
2026-03-01,Home & Kitchen,20-30%,3,20,20,24,1.2,2439.97,555.90,1884.07,298.21,0.2412,78.5,12.43,0.1583,1,0.05
2025-11-01,Electronics,20-30%,3,25,25,28,1.12,7757.54,1821.44,5936.10,-633.67,0.2417,212.0,-22.63,-0.1067,3,0.12
2025-12-01,Electronics,20-30%,3,18,17,23,1.278,6512.78,1597.72,4915.06,-854.99,0.2463,213.7,-37.17,-0.174,2,0.1111
2026-05-01,Apparel,1-10%,1,22,22,27,1.227,1949.25,96.34,1852.91,820.22,0.0471,68.63,30.38,0.4427,5,0.2273
2026-02-01,Beauty,10-20%,2,12,12,17,1.417,1011.87,150.11,861.76,432.33,0.1531,50.69,25.43,0.5017,1,0.0833
2026-04-01,Beauty,30%+,4,13,13,18,1.385,866.12,347.14,518.98,178.55,0.3913,28.83,9.92,0.344,1,0.0769
2026-03-01,Apparel,10-20%,2,28,28,32,1.143,2231.44,329.40,1902.04,607.19,0.1472,59.44,18.97,0.3192,10,0.3571
2024-02-01,Sports & Outdoors,20-30%,3,6,6,6,1.0,1230.88,327.56,903.32,209.62,0.2655,150.55,34.94,0.2321,0,0.0
2024-05-01,Apparel,20-30%,3,16,16,23,1.438,2121.37,522.48,1598.89,394.16,0.2483,69.52,17.14,0.2465,6,0.375
2024-09-01,Footwear,20-30%,3,10,10,12,1.2,1143.78,290.04,853.74,219.25,0.2537,71.15,18.27,0.2568,3,0.3
2025-07-01,Beauty,20-30%,3,10,10,13,1.3,732.28,183.36,548.92,241.49,0.2488,42.22,18.58,0.4399,0,0.0
2025-06-01,Apparel,1-10%,1,21,20,21,1.0,1443.98,85.57,1358.41,641.46,0.0614,64.69,30.55,0.4722,4,0.1905
2025-12-01,Electronics,30%+,4,37,34,47,1.27,12097.97,4968.85,7129.12,-2940.83,0.4173,151.68,-62.57,-0.4125,1,0.027
2024-08-01,Apparel,30%+,4,11,11,18,1.636,1348.79,524.92,823.87,182.5,0.4245,45.77,10.14,0.2215,4,0.3636
2024-08-01,Home & Kitchen,1-10%,1,8,8,8,1.0,1102.92,64.62,1038.30,120.96,0.0589,129.79,15.12,0.1165,1,0.125
2025-02-01,Apparel,20-30%,3,20,20,28,1.4,1660.78,396.82,1263.96,463.96,0.2367,45.14,16.57,0.3671,3,0.15
2025-06-01,Home & Kitchen,10-20%,2,13,12,17,1.308,1916.74,285.91,1630.83,285.96,0.1369,95.93,16.82,0.1753,1,0.0769
2024-03-01,Beauty,10-20%,2,4,4,5,1.25,204.00,33.93,170.07,86.09,0.1655,34.01,17.22,0.5062,0,0.0
2024-05-01,Home & Kitchen,30%+,4,17,17,23,1.353,1780.44,643.10,1137.34,-64.51,0.3677,49.45,-2.8,-0.0567,1,0.0588
2024-07-01,Footwear,10-20%,2,14,14,21,1.5,1949.18,297.52,1651.66,570.26,0.1487,78.65,27.16,0.3453,4,0.2857
2024-07-01,Electronics,10-20%,2,12,12,16,1.333,4117.81,667.27,3450.54,34.67,0.1571,215.66,2.17,0.01,0,0.0
2024-08-01,Electronics,1-10%,1,15,15,18,1.2,5907.69,339.67,5568.02,461.39,0.056,309.33,25.63,0.0829,2,0.1333
2025-02-01,Electronics,1-10%,1,13,12,15,1.154,3952.86,216.59,3736.27,350.12,0.0536,249.08,23.34,0.0937,2,0.1538
2025-07-01,Footwear,10-20%,2,12,12,15,1.25,1463.82,239.25,1224.57,460.58,0.1609,81.64,30.71,0.3761,3,0.25
2026-01-01,Sports & Outdoors,1-10%,1,6,6,7,1.167,1435.62,79.06,1356.56,455.13,0.055,193.79,65.02,0.3355,0,0.0
2025-10-01,Footwear,20-30%,3,16,16,25,1.563,2106.14,544.87,1561.27,513.08,0.2623,62.45,20.52,0.3286,3,0.1875
2024-06-01,Sports & Outdoors,1-10%,1,9,8,9,1.0,1788.82,99.80,1689.02,494.44,0.0529,187.67,54.94,0.2927,2,0.2222
2024-10-01,Beauty,1-10%,1,6,5,7,1.167,434.46,14.42,420.04,198.46,0.0372,60.01,28.35,0.4725,1,0.1667
2024-06-01,Footwear,20-30%,3,11,11,14,1.273,1446.83,381.84,1064.99,144.02,0.2721,76.07,10.29,0.1352,6,0.5455
2024-01-01,Footwear,0%,0,28,24,33,1.179,3120.71,0.00,3120.71,1144.95,0.0,94.57,34.7,0.3669,5,0.1786
2024-06-01,Apparel,0%,0,120,98,138,1.15,10175.40,0.00,10175.40,4111.45,0.0,73.73,29.79,0.4041,29,0.2417
2025-04-01,Sports & Outdoors,20-30%,3,16,14,21,1.313,4131.10,1035.43,3095.67,453.53,0.2524,147.41,21.6,0.1465,3,0.1875
2024-08-01,Home & Kitchen,30%+,4,14,14,19,1.357,2214.53,934.60,1279.93,-202.21,0.3835,67.36,-10.64,-0.158,2,0.1429
2025-02-01,Apparel,0%,0,194,151,236,1.216,16617.10,0.00,16617.10,7279.9,0.0,70.41,30.85,0.4381,46,0.2371
2025-04-01,Sports & Outdoors,0%,0,71,66,87,1.225,16492.98,0.00,16492.98,6486.74,0.0,189.57,74.56,0.3933,4,0.0563
2025-04-01,Footwear,1-10%,1,9,7,9,1.0,876.54,53.36,823.18,207.86,0.0585,91.46,23.1,0.2525,4,0.4444
2025-09-01,Apparel,20-30%,3,32,31,39,1.219,3493.16,823.94,2669.22,862.61,0.2376,68.44,22.12,0.3232,7,0.2188
2025-07-01,Home & Kitchen,10-20%,2,22,21,27,1.227,2521.12,359.13,2161.99,364.96,0.1452,80.07,13.52,0.1688,4,0.1818
2025-11-01,Footwear,10-20%,2,24,23,34,1.417,2585.87,412.44,2173.43,807.26,0.1627,63.92,23.74,0.3714,5,0.2083
2024-01-01,Home & Kitchen,0%,0,37,31,50,1.351,3433.96,0.00,3433.96,871.44,0.0,68.68,17.43,0.2538,5,0.1351
2024-07-01,Sports & Outdoors,10-20%,2,13,13,15,1.154,2627.42,434.13,2193.29,474.21,0.1582,146.22,31.61,0.2162,2,0.1538
2024-06-01,Sports & Outdoors,0%,0,53,48,73,1.377,14737.27,0.00,14737.27,5064.83,0.0,201.88,69.38,0.3437,6,0.1132
2024-12-01,Footwear,1-10%,1,13,13,18,1.385,1597.59,80.45,1517.14,657.5,0.0547,84.29,36.53,0.4334,1,0.0769
2024-06-01,Home & Kitchen,1-10%,1,9,9,11,1.222,1100.81,39.81,1061.00,111.02,0.0411,96.45,10.09,0.1046,2,0.2222
2024-12-01,Beauty,0%,0,100,85,130,1.3,6502.16,0.00,6502.16,3685.88,0.0,50.02,28.35,0.5669,5,0.05
2024-08-01,Footwear,20-30%,3,16,15,19,1.188,2055.69,468.94,1586.75,201.03,0.2327,83.51,10.58,0.1267,6,0.375
2024-08-01,Electronics,20-30%,3,13,13,16,1.231,3591.76,895.77,2695.99,-373.71,0.249,168.5,-23.36,-0.1386,0,0.0
2024-09-01,Apparel,30%+,4,19,19,23,1.211,1409.91,591.56,818.35,132.88,0.4322,35.58,5.78,0.1624,6,0.3158
2025-12-01,Sports & Outdoors,0%,0,86,75,101,1.174,18312.33,0.00,18312.33,6786.12,0.0,181.31,67.19,0.3706,7,0.0814
2024-11-01,Home & Kitchen,20-30%,3,24,23,31,1.292,2983.44,731.97,2251.47,267.81,0.247,72.63,8.64,0.1189,1,0.0417
2026-02-01,Footwear,1-10%,1,10,10,12,1.2,1073.18,51.79,1021.39,166.28,0.0533,85.12,13.86,0.1628,6,0.6
2025-05-01,Beauty,30%+,4,7,7,7,1.0,361.93,132.72,229.21,97.04,0.3702,32.74,13.86,0.4234,0,0.0
2025-05-01,Beauty,20-30%,3,15,14,22,1.467,1006.61,237.21,769.40,376.44,0.2377,34.97,17.11,0.4893,0,0.0
2025-04-01,Footwear,20-30%,3,12,12,14,1.167,1042.12,262.25,779.87,248.71,0.2438,55.71,17.76,0.3189,1,0.0833
2025-07-01,Sports & Outdoors,0%,0,90,76,100,1.111,17273.93,0.00,17273.93,5725.18,0.0,172.74,57.25,0.3314,13,0.1444
2025-06-01,Sports & Outdoors,1-10%,1,4,4,4,1.0,773.70,53.07,720.63,216.45,0.0668,180.16,54.11,0.3004,0,0.0
2026-05-01,Home & Kitchen,0%,0,163,128,193,1.184,18620.40,0.00,18620.40,5423.7,0.0,96.48,28.1,0.2913,13,0.0798
2026-02-01,Sports & Outdoors,0%,0,73,65,93,1.274,16029.35,0.00,16029.35,6092.52,0.0,172.36,65.51,0.3801,7,0.0959
2026-03-01,Footwear,30%+,4,24,23,28,1.167,2722.21,1101.45,1620.76,-96.65,0.403,57.88,-3.45,-0.0596,8,0.3333
2025-12-01,Apparel,1-10%,1,19,19,20,1.053,1338.15,76.88,1261.27,612.33,0.0548,63.06,30.62,0.4855,2,0.1053
2026-02-01,Home & Kitchen,10-20%,2,23,23,34,1.478,3305.86,497.55,2808.31,470.88,0.1581,82.6,13.85,0.1677,3,0.1304
2026-06-01,Home & Kitchen,30%+,4,16,15,21,1.313,1940.17,827.26,1112.91,-72.28,0.4274,53.0,-3.44,-0.0649,2,0.125
2026-03-01,Apparel,1-10%,1,37,37,46,1.243,3340.72,172.86,3167.86,1533.39,0.05,68.87,33.33,0.484,5,0.1351
2024-06-01,Apparel,10-20%,2,15,15,24,1.6,2182.98,295.40,1887.58,768.21,0.1431,78.65,32.01,0.407,4,0.2667
2025-07-01,Footwear,20-30%,3,14,14,17,1.214,1444.60,352.18,1092.42,328.68,0.2457,64.26,19.33,0.3009,4,0.2857
2026-04-01,Apparel,30%+,4,28,27,45,1.607,3577.16,1254.69,2322.47,608.68,0.3718,51.61,13.53,0.2621,7,0.25
2024-11-01,Beauty,10-20%,2,9,9,9,1.0,542.31,75.78,466.53,188.7,0.1406,51.84,20.97,0.4045,2,0.2222
2024-02-01,Beauty,1-10%,1,6,6,9,1.5,434.11,21.02,413.09,166.31,0.0585,45.9,18.48,0.4026,1,0.1667
2024-10-01,Electronics,30%+,4,14,14,16,1.143,3906.35,1684.05,2222.30,-973.26,0.4186,138.89,-60.83,-0.438,2,0.1429
2025-02-01,Footwear,10-20%,2,14,14,21,1.5,1757.51,265.18,1492.33,441.06,0.1544,71.06,21.0,0.2956,5,0.3571
2024-12-01,Beauty,1-10%,1,12,12,14,1.167,591.10,20.77,570.33,341.35,0.0379,40.74,24.38,0.5985,0,0.0
2025-11-01,Beauty,10-20%,2,18,18,23,1.278,1280.47,178.75,1101.72,466.57,0.143,47.9,20.29,0.4235,1,0.0556
2026-04-01,Home & Kitchen,20-30%,3,17,17,22,1.294,2301.99,537.72,1764.27,271.09,0.2372,80.19,12.32,0.1537,2,0.1176
2025-09-01,Electronics,20-30%,3,11,11,20,1.818,4858.33,1215.94,3642.39,-716.43,0.2514,182.12,-35.82,-0.1967,2,0.1818
2026-03-01,Electronics,10-20%,2,23,22,26,1.13,7604.72,1166.00,6438.72,-184.45,0.1526,247.64,-7.09,-0.0286,5,0.2174
2026-03-01,Beauty,10-20%,2,17,16,24,1.412,1288.25,194.95,1093.30,606.66,0.1534,45.55,25.28,0.5549,0,0.0
2026-04-01,Sports & Outdoors,20-30%,3,17,16,21,1.235,3751.36,899.81,2851.55,604.67,0.2362,135.79,28.79,0.212,0,0.0
2025-08-01,Electronics,1-10%,1,8,7,11,1.375,3206.65,155.94,3050.71,225.31,0.0516,277.34,20.48,0.0739,1,0.125
2024-01-01,Home & Kitchen,10-20%,2,4,4,4,1.0,537.50,79.23,458.27,104.88,0.1396,114.57,26.22,0.2289,0,0.0
2024-08-01,Beauty,30%+,4,6,5,8,1.333,472.82,186.27,286.55,108.42,0.3996,35.82,13.55,0.3784,0,0.0
2025-03-01,Sports & Outdoors,20-30%,3,6,6,6,1.0,1061.78,247.59,814.19,196.18,0.2342,135.7,32.7,0.241,0,0.0
2025-03-01,Beauty,1-10%,1,6,6,8,1.333,353.30,22.23,331.07,191.0,0.0647,41.38,23.88,0.5769,0,0.0
2025-07-01,Apparel,20-30%,3,26,24,31,1.192,1842.84,439.87,1402.97,429.67,0.2434,45.26,13.86,0.3063,6,0.2308
2026-01-01,Electronics,1-10%,1,10,9,11,1.1,4243.76,296.02,3947.74,320.4,0.0688,358.89,29.13,0.0812,0,0.0
2025-08-01,Sports & Outdoors,1-10%,1,9,9,12,1.333,2207.45,114.68,2092.77,455.03,0.0558,174.4,37.92,0.2174,3,0.3333
2024-03-01,Footwear,20-30%,3,6,5,11,1.833,1052.95,270.40,782.55,303.02,0.2622,71.14,27.55,0.3872,0,0.0
2024-01-01,Electronics,20-30%,3,9,9,10,1.111,3322.95,834.48,2488.47,-338.69,0.2518,248.85,-33.87,-0.1361,0,0.0
2025-08-01,Beauty,1-10%,1,9,9,9,1.0,568.98,26.51,542.47,315.8,0.0465,60.27,35.09,0.5822,0,0.0
2026-06-01,Beauty,10-20%,2,6,6,8,1.333,397.19,62.78,334.41,165.79,0.1516,41.8,20.72,0.4958,0,0.0
2024-06-01,Electronics,20-30%,3,3,3,3,1.0,971.30,250.23,721.07,-140.48,0.2463,240.36,-46.83,-0.1948,0,0.0
2024-09-01,Beauty,1-10%,1,3,3,3,1.0,179.01,10.49,168.52,96.26,0.0585,56.17,32.09,0.5712,0,0.0
2024-03-01,Apparel,0%,0,101,82,124,1.228,9052.77,0.00,9052.77,3594.91,0.0,73.01,28.99,0.3971,25,0.2475
2026-03-01,Footwear,0%,0,143,112,175,1.224,15925.69,0.00,15925.69,5157.73,0.0,91.0,29.47,0.3239,45,0.3147
2024-11-01,Apparel,0%,0,222,179,259,1.167,18850.37,0.00,18850.37,7431.76,0.0,72.78,28.69,0.3943,59,0.2658
2024-12-01,Apparel,1-10%,1,27,27,36,1.333,2261.18,134.26,2126.92,950.7,0.0547,59.08,26.41,0.447,6,0.2222
2025-01-01,Footwear,0%,0,82,69,96,1.171,8666.20,0.00,8666.20,2377.77,0.0,90.27,24.77,0.2744,26,0.3171
2025-03-01,Apparel,10-20%,2,23,23,27,1.174,2153.72,339.85,1813.87,641.75,0.1557,67.18,23.77,0.3538,6,0.2609
2025-10-01,Home & Kitchen,0%,0,162,137,202,1.247,21708.49,0.00,21708.49,5692.53,0.0,107.47,28.18,0.2622,13,0.0802
2025-10-01,Sports & Outdoors,1-10%,1,11,10,14,1.273,1443.62,60.97,1382.65,106.39,0.0458,98.76,7.6,0.0769,5,0.4545
2026-02-01,Apparel,0%,0,224,185,275,1.228,20093.65,0.00,20093.65,8318.62,0.0,73.07,30.25,0.414,46,0.2054
2025-12-01,Apparel,10-20%,2,36,36,53,1.472,4353.90,692.30,3661.60,1253.42,0.161,69.09,23.65,0.3423,10,0.2778
2026-02-01,Electronics,0%,0,117,104,147,1.256,40165.09,0.00,40165.09,4944.73,0.0,273.23,33.64,0.1231,6,0.0513
2026-01-01,Sports & Outdoors,0%,0,92,79,114,1.239,20754.01,0.00,20754.01,6182.64,0.0,182.05,54.23,0.2979,19,0.2065
2026-05-01,Beauty,30%+,4,10,9,16,1.6,609.04,212.05,396.99,93.75,0.3612,24.81,5.86,0.2362,1,0.1
2024-04-01,Electronics,30%+,4,11,11,13,1.182,4429.36,1665.84,2763.52,-982.02,0.3756,212.58,-75.54,-0.3554,0,0.0
2024-08-01,Beauty,0%,0,62,60,73,1.177,4143.36,0.00,4143.36,2417.73,0.0,56.76,33.12,0.5835,1,0.0161
2024-08-01,Electronics,0%,0,90,79,107,1.189,31584.38,0.00,31584.38,3525.38,0.0,295.18,32.95,0.1116,7,0.0778
2024-03-01,Home & Kitchen,0%,0,72,59,84,1.167,8005.65,0.00,8005.65,2447.97,0.0,95.31,29.14,0.3058,6,0.0833
2024-07-01,Sports & Outdoors,30%+,4,11,11,17,1.545,3513.20,1263.60,2249.60,196.62,0.3676,132.33,11.57,0.0874,0,0.0
2024-04-01,Electronics,10-20%,2,14,14,16,1.143,4135.48,616.55,3518.93,-49.68,0.1478,219.93,-3.11,-0.0141,0,0.0
2024-06-01,Home & Kitchen,10-20%,2,9,8,10,1.111,1338.10,203.81,1134.29,192.77,0.1512,113.43,19.28,0.1699,1,0.1111
2024-04-01,Sports & Outdoors,30%+,4,5,5,7,1.4,1079.49,401.30,678.19,40.21,0.3848,96.88,5.74,0.0593,0,0.0
2024-05-01,Apparel,1-10%,1,13,13,19,1.462,1223.05,66.60,1156.45,479.6,0.0452,60.87,25.24,0.4147,2,0.1538
2024-06-01,Sports & Outdoors,30%+,4,14,14,16,1.143,3547.15,1394.64,2152.51,95.67,0.394,134.53,5.98,0.0444,3,0.2143
2024-07-01,Electronics,1-10%,1,10,10,12,1.2,3021.47,164.38,2857.09,187.99,0.0345,238.09,15.67,0.0658,0,0.0
2024-08-01,Apparel,1-10%,1,15,15,19,1.267,1124.23,52.39,1071.84,531.53,0.0545,56.41,27.98,0.4959,3,0.2
2025-01-01,Footwear,10-20%,2,13,12,21,1.615,1730.71,247.53,1483.18,417.08,0.1429,70.63,19.86,0.2812,4,0.3077
2025-01-01,Sports & Outdoors,30%+,4,17,16,18,1.059,3585.33,1385.10,2200.23,97.68,0.3936,122.24,5.43,0.0444,1,0.0588
2025-05-01,Electronics,30%+,4,15,15,20,1.333,4518.77,1668.24,2850.53,-953.36,0.3788,142.53,-47.67,-0.3345,2,0.1333
2026-06-01,Apparel,20-30%,3,11,11,12,1.091,774.13,187.14,586.99,234.43,0.2493,48.92,19.54,0.3994,2,0.1818
2026-05-01,Footwear,0%,0,120,101,136,1.133,13102.32,0.00,13102.32,4123.38,0.0,96.34,30.32,0.3147,33,0.275
2025-12-01,Sports & Outdoors,10-20%,2,17,17,20,1.176,3356.41,511.09,2845.32,754.38,0.1574,142.27,37.72,0.2651,3,0.1765
2026-03-01,Home & Kitchen,30%+,4,12,12,12,1.0,1356.65,514.95,841.70,-39.96,0.3812,70.14,-3.33,-0.0475,1,0.0833
2026-04-01,Electronics,10-20%,2,12,12,15,1.25,3711.85,537.19,3174.66,41.88,0.1524,211.64,2.79,0.0132,0,0.0
2026-05-01,Home & Kitchen,20-30%,3,18,17,19,1.056,1469.52,356.14,1113.38,94.97,0.2384,58.6,5.0,0.0853,3,0.1667
2025-05-01,Home & Kitchen,10-20%,2,17,15,18,1.059,1500.77,225.70,1275.07,170.95,0.1485,70.84,9.5,0.1341,3,0.1765
2025-10-01,Home & Kitchen,1-10%,1,14,14,19,1.357,1709.11,102.03,1607.08,366.37,0.0565,84.58,19.28,0.228,3,0.2143
2024-05-01,Sports & Outdoors,10-20%,2,8,8,9,1.125,1564.96,246.07,1318.89,414.34,0.1551,146.54,46.04,0.3142,0,0.0
2025-08-01,Beauty,30%+,4,17,15,21,1.235,1101.77,437.35,664.42,230.49,0.3952,31.64,10.98,0.3469,0,0.0
2025-11-01,Beauty,1-10%,1,21,21,28,1.333,1503.01,61.75,1441.26,746.6,0.0436,51.47,26.66,0.518,2,0.0952
2026-05-01,Footwear,1-10%,1,8,8,13,1.625,1255.18,53.92,1201.26,499.08,0.0436,92.4,38.39,0.4155,2,0.25
2025-05-01,Home & Kitchen,30%+,4,15,15,18,1.2,1499.81,632.56,867.25,-90.99,0.4177,48.18,-5.06,-0.1049,2,0.1333
2026-04-01,Footwear,10-20%,2,13,13,14,1.077,1343.26,209.17,1134.09,250.39,0.1554,81.01,17.89,0.2208,7,0.5385
2025-02-01,Beauty,30%+,4,7,7,12,1.714,651.53,273.71,377.82,124.44,0.3994,31.49,10.37,0.3294,0,0.0
2025-03-01,Footwear,1-10%,1,12,12,17,1.417,1574.30,73.41,1500.89,576.8,0.0543,88.29,33.93,0.3843,4,0.3333
2024-02-01,Electronics,10-20%,2,10,10,10,1.0,2846.49,410.56,2435.93,4.22,0.1482,243.59,0.42,0.0017,1,0.1
2024-05-01,Sports & Outdoors,20-30%,3,7,7,10,1.429,2242.82,554.03,1688.79,406.33,0.2416,168.88,40.63,0.2406,0,0.0
2024-09-01,Sports & Outdoors,1-10%,1,5,5,5,1.0,835.03,31.26,803.77,313.69,0.0456,160.75,62.74,0.3903,1,0.2
2026-01-01,Footwear,1-10%,1,8,8,8,1.0,803.37,37.25,766.12,311.63,0.0438,95.77,38.95,0.4068,1,0.125
2025-02-01,Sports & Outdoors,20-30%,3,11,10,13,1.182,2775.39,739.63,2035.76,289.74,0.2559,156.6,22.29,0.1423,1,0.0909
2024-03-01,Beauty,1-10%,1,3,3,5,1.667,278.92,16.15,262.77,146.77,0.0632,52.55,29.35,0.5585,0,0.0
2024-03-01,Home & Kitchen,30%+,4,5,5,9,1.8,696.72,245.87,450.85,-31.98,0.3484,50.09,-3.55,-0.0709,0,0.0
2024-01-01,Sports & Outdoors,10-20%,2,2,2,3,1.5,638.67,72.04,566.63,181.2,0.1128,188.88,60.4,0.3198,0,0.0
2024-08-01,Electronics,30%+,4,5,5,7,1.4,2039.11,831.35,1207.76,-383.86,0.389,172.54,-54.84,-0.3178,1,0.2
2024-01-01,Apparel,0%,0,58,51,76,1.31,5852.26,0.00,5852.26,2588.67,0.0,77.0,34.06,0.4423,12,0.2069
2024-01-01,Apparel,10-20%,2,17,17,22,1.294,1176.21,178.83,997.38,417.18,0.1515,45.34,18.96,0.4183,3,0.1765
2024-03-01,Footwear,30%+,4,8,8,9,1.125,840.98,294.53,546.45,43.54,0.3528,60.72,4.84,0.0797,2,0.25
2025-08-01,Home & Kitchen,0%,0,157,134,195,1.242,19713.58,0.00,19713.58,5143.36,0.0,101.1,26.38,0.2609,18,0.1146
2024-09-01,Electronics,20-30%,3,10,10,12,1.2,3196.02,807.15,2388.87,-390.82,0.264,199.07,-32.57,-0.1636,4,0.4
2025-03-01,Electronics,0%,0,119,98,143,1.202,39526.94,0.00,39526.94,4910.77,0.0,276.41,34.34,0.1242,11,0.0924
2026-02-01,Home & Kitchen,0%,0,143,114,161,1.126,18230.47,0.00,18230.47,4663.75,0.0,113.23,28.97,0.2558,17,0.1189
2024-01-01,Electronics,1-10%,1,2,2,2,1.0,353.65,26.51,327.14,9.57,0.0755,163.57,4.78,0.0293,0,0.0
2024-02-01,Beauty,30%+,4,8,8,9,1.125,563.51,239.74,323.77,102.84,0.4024,35.97,11.43,0.3176,0,0.0
2024-07-01,Sports & Outdoors,20-30%,3,11,11,13,1.182,1913.83,465.02,1448.81,76.05,0.2388,111.45,5.85,0.0525,2,0.1818
2024-05-01,Apparel,10-20%,2,26,22,31,1.192,2128.41,326.70,1801.71,524.63,0.1543,58.12,16.92,0.2912,9,0.3462
2024-10-01,Footwear,0%,0,101,88,132,1.307,12322.21,0.00,12322.21,4109.78,0.0,93.35,31.13,0.3335,31,0.3069
2024-06-01,Home & Kitchen,0%,0,84,74,100,1.19,8279.52,0.00,8279.52,2365.33,0.0,82.8,23.65,0.2857,6,0.0714
2024-07-01,Apparel,10-20%,2,23,22,25,1.087,1982.69,296.45,1686.24,693.72,0.1494,67.45,27.75,0.4114,5,0.2174
2025-03-01,Home & Kitchen,30%+,4,16,14,20,1.25,2095.96,736.38,1359.58,7.7,0.3711,67.98,0.38,0.0057,2,0.125
2025-02-01,Sports & Outdoors,0%,0,65,55,75,1.154,12843.24,0.00,12843.24,4297.06,0.0,171.24,57.29,0.3346,9,0.1385
2025-04-01,Home & Kitchen,10-20%,2,18,17,20,1.111,1779.48,238.51,1540.97,371.11,0.1482,77.05,18.56,0.2408,1,0.0556
2025-04-01,Home & Kitchen,0%,0,136,108,169,1.243,18610.48,0.00,18610.48,5868.78,0.0,110.12,34.73,0.3153,13,0.0956
2025-05-01,Footwear,20-30%,3,9,9,12,1.333,1049.73,266.56,783.17,218.34,0.2463,65.26,18.2,0.2788,2,0.2222
2025-03-01,Apparel,30%+,4,25,25,34,1.36,2499.64,991.64,1508.00,417.0,0.3863,44.35,12.26,0.2765,1,0.04
2025-06-01,Electronics,20-30%,3,23,23,27,1.174,6833.73,1718.70,5115.03,-859.66,0.2536,189.45,-31.84,-0.1681,3,0.1304
2025-08-01,Home & Kitchen,1-10%,1,17,17,19,1.118,2020.73,82.78,1937.95,649.58,0.0396,102.0,34.19,0.3352,0,0.0
2025-05-01,Apparel,20-30%,3,31,31,49,1.581,3847.16,942.17,2904.99,860.04,0.246,59.29,17.55,0.2961,8,0.2581
2026-04-01,Home & Kitchen,0%,0,148,123,173,1.169,17043.86,0.00,17043.86,5061.34,0.0,98.52,29.26,0.297,10,0.0676
2025-08-01,Footwear,30%+,4,12,12,19,1.583,1491.92,580.43,911.49,203.21,0.39,47.97,10.7,0.2229,4,0.3333
2026-06-01,Beauty,0%,0,52,45,67,1.288,3348.56,0.00,3348.56,1971.18,0.0,49.98,29.42,0.5887,1,0.0192
2025-10-01,Beauty,20-30%,3,15,15,15,1.0,639.10,156.53,482.57,186.24,0.2446,32.17,12.42,0.3859,2,0.1333
2025-09-01,Home & Kitchen,1-10%,1,11,11,15,1.364,904.64,47.20,857.44,227.47,0.0535,57.16,15.16,0.2653,1,0.0909
2025-09-01,Beauty,1-10%,1,8,8,10,1.25,482.15,24.05,458.10,269.6,0.0448,45.81,26.96,0.5885,0,0.0
2025-09-01,Electronics,10-20%,2,16,16,25,1.563,7864.32,1122.02,6742.30,-159.62,0.1399,269.69,-6.38,-0.0237,1,0.0625
2025-12-01,Apparel,20-30%,3,51,50,74,1.451,5289.10,1321.35,3967.75,1383.09,0.248,53.62,18.69,0.3486,11,0.2157
2026-03-01,Footwear,20-30%,3,12,12,13,1.083,1252.07,306.42,945.65,237.05,0.2425,72.74,18.23,0.2507,4,0.3333
2026-04-01,Apparel,1-10%,1,27,27,32,1.185,2135.69,97.92,2037.77,932.58,0.0456,63.68,29.14,0.4576,4,0.1481
2026-03-01,Footwear,10-20%,2,15,15,22,1.467,2176.69,340.84,1835.85,280.36,0.1607,83.45,12.74,0.1527,5,0.3333
2024-03-01,Apparel,1-10%,1,10,10,13,1.3,978.75,38.85,939.90,368.8,0.0522,72.3,28.37,0.3924,3,0.3
2024-05-01,Footwear,10-20%,2,17,17,24,1.412,2032.46,296.40,1736.06,467.04,0.1513,72.34,19.46,0.269,6,0.3529
2024-09-01,Beauty,30%+,4,11,11,11,1.0,497.96,178.74,319.22,117.4,0.3584,29.02,10.67,0.3678,1,0.0909
2024-07-01,Beauty,20-30%,3,14,13,18,1.286,1098.92,263.60,835.32,395.04,0.2402,46.41,21.95,0.4729,0,0.0
2024-10-01,Footwear,30%+,4,11,11,11,1.0,1267.51,539.08,728.43,140.5,0.427,66.22,12.77,0.1929,1,0.0909
2025-03-01,Beauty,30%+,4,10,9,11,1.1,525.76,215.78,309.98,105.41,0.39,28.18,9.58,0.3401,0,0.0
2025-01-01,Apparel,20-30%,3,17,17,17,1.0,1422.03,358.74,1063.29,287.54,0.2557,62.55,16.91,0.2704,2,0.1176
2026-04-01,Beauty,10-20%,2,12,12,13,1.083,732.87,123.85,609.02,345.68,0.1681,46.85,26.59,0.5676,0,0.0
2025-06-01,Footwear,20-30%,3,25,25,28,1.12,2315.80,549.08,1766.72,388.89,0.2413,63.1,13.89,0.2201,6,0.24
2024-02-01,Sports & Outdoors,30%+,4,2,2,3,1.5,371.74,142.50,229.24,11.5,0.3998,76.41,3.83,0.0502,0,0.0
2024-04-01,Electronics,20-30%,3,6,6,7,1.167,1948.16,500.60,1447.56,-249.75,0.2492,206.79,-35.68,-0.1725,1,0.1667
2025-03-01,Beauty,20-30%,3,18,18,23,1.278,1268.79,320.32,948.47,438.83,0.2494,41.24,19.08,0.4627,0,0.0
2026-01-01,Home & Kitchen,20-30%,3,17,17,22,1.294,2424.64,613.15,1811.49,111.06,0.2537,82.34,5.05,0.0613,0,0.0
2026-06-01,Footwear,20-30%,3,5,5,6,1.2,678.76,170.30,508.46,144.86,0.2545,84.74,24.14,0.2849,0,0.0
2025-04-01,Apparel,1-10%,1,13,13,18,1.385,1757.94,87.38,1670.56,689.81,0.0533,92.81,38.32,0.4129,2,0.1538
2025-01-01,Home & Kitchen,20-30%,3,14,12,14,1.0,1179.66,293.38,886.28,-44.11,0.252,63.31,-3.15,-0.0498,5,0.3571
2024-02-01,Electronics,20-30%,3,5,5,7,1.4,1756.43,444.93,1311.50,-105.19,0.246,187.36,-15.03,-0.0802,1,0.2
2024-03-01,Sports & Outdoors,1-10%,1,3,3,4,1.333,865.01,34.04,830.97,256.48,0.0374,207.74,64.12,0.3087,0,0.0
2024-03-01,Footwear,0%,0,48,43,71,1.479,6143.62,0.00,6143.62,2047.44,0.0,86.53,28.84,0.3333,16,0.3333
2024-02-01,Footwear,0%,0,38,32,43,1.132,4044.72,0.00,4044.72,1342.88,0.0,94.06,31.23,0.332,10,0.2632
2024-04-01,Apparel,20-30%,3,22,22,29,1.318,2612.62,683.43,1929.19,547.32,0.2591,66.52,18.87,0.2837,5,0.2273
2024-12-01,Footwear,30%+,4,35,33,50,1.429,4360.54,1787.32,2573.22,256.77,0.4151,51.46,5.14,0.0998,15,0.4286
2024-05-01,Beauty,0%,0,61,54,75,1.23,3989.80,0.00,3989.80,2181.13,0.0,53.2,29.08,0.5467,4,0.0656
2024-08-01,Home & Kitchen,0%,0,103,92,119,1.155,12864.09,0.00,12864.09,3628.24,0.0,108.1,30.49,0.282,8,0.0777
2024-06-01,Electronics,0%,0,70,62,78,1.114,22741.50,0.00,22741.50,2467.73,0.0,291.56,31.64,0.1085,6,0.0857
2024-09-01,Electronics,0%,0,117,98,137,1.171,38072.99,0.00,38072.99,3908.84,0.0,277.91,28.53,0.1027,8,0.0684
2024-11-01,Home & Kitchen,0%,0,146,126,192,1.315,20524.13,0.00,20524.13,5476.17,0.0,106.9,28.52,0.2668,19,0.1301
2024-11-01,Sports & Outdoors,0%,0,78,69,94,1.205,16447.67,0.00,16447.67,5977.2,0.0,174.98,63.59,0.3634,10,0.1282
2025-04-01,Apparel,10-20%,2,29,27,35,1.207,2808.38,390.28,2418.10,765.34,0.1447,69.09,21.87,0.3165,9,0.3103
2025-04-01,Apparel,20-30%,3,25,25,33,1.32,2089.06,492.33,1596.73,567.0,0.2323,48.39,17.18,0.3551,8,0.32
2025-06-01,Home & Kitchen,30%+,4,38,35,47,1.237,4331.85,1810.65,2521.20,-262.28,0.4093,53.64,-5.58,-0.104,6,0.1579
2025-10-01,Sports & Outdoors,30%+,4,13,13,16,1.231,3537.04,1333.86,2203.18,-66.32,0.3823,137.7,-4.14,-0.0301,3,0.2308
2025-08-01,Footwear,0%,0,94,82,111,1.181,10572.62,0.00,10572.62,3597.32,0.0,95.25,32.41,0.3402,28,0.2979
2025-12-01,Footwear,30%+,4,28,28,34,1.214,2893.20,1077.40,1815.80,361.26,0.3831,53.41,10.63,0.199,7,0.25
2026-01-01,Apparel,30%+,4,46,43,68,1.478,5364.52,2269.69,3094.83,424.24,0.4182,45.51,6.24,0.1371,11,0.2391
2025-11-01,Home & Kitchen,10-20%,2,23,22,27,1.174,2354.58,361.34,1993.24,405.45,0.1553,73.82,15.02,0.2034,1,0.0435
2026-04-01,Sports & Outdoors,10-20%,2,11,11,13,1.182,2273.79,331.78,1942.01,410.42,0.1464,149.39,31.57,0.2113,2,0.1818
2026-01-01,Electronics,0%,0,98,83,121,1.235,36842.25,0.00,36842.25,4554.51,0.0,304.48,37.64,0.1236,8,0.0816
2026-06-01,Home & Kitchen,0%,0,58,46,77,1.328,7375.33,0.00,7375.33,2449.26,0.0,95.78,31.81,0.3321,4,0.069
2024-02-01,Beauty,0%,0,33,26,44,1.333,2408.69,0.00,2408.69,1452.4,0.0,54.74,33.01,0.603,0,0.0
2024-05-01,Footwear,0%,0,79,69,96,1.215,8943.41,0.00,8943.41,2950.83,0.0,93.16,30.74,0.3299,19,0.2405
2024-04-01,Footwear,0%,0,69,61,83,1.203,7568.11,0.00,7568.11,2882.46,0.0,91.18,34.73,0.3809,14,0.2029
2024-03-01,Electronics,0%,0,53,45,67,1.264,18499.45,0.00,18499.45,2571.71,0.0,276.11,38.38,0.139,4,0.0755
2024-10-01,Beauty,10-20%,2,13,13,17,1.308,898.72,135.79,762.93,427.88,0.1533,44.88,25.17,0.5608,0,0.0
2024-04-01,Beauty,10-20%,2,11,11,13,1.182,636.17,84.75,551.42,200.87,0.1358,42.42,15.45,0.3643,1,0.0909
2024-08-01,Footwear,0%,0,87,71,110,1.264,10163.78,0.00,10163.78,3842.15,0.0,92.4,34.93,0.378,22,0.2529
2024-09-01,Electronics,10-20%,2,11,11,15,1.364,4540.61,702.73,3837.88,-675.88,0.1574,255.86,-45.06,-0.1761,1,0.0909
2024-07-01,Electronics,30%+,4,11,10,13,1.182,4064.19,1643.42,2420.77,-1128.1,0.4147,186.21,-86.78,-0.466,1,0.0909
2025-03-01,Footwear,0%,0,100,81,126,1.26,12377.06,0.00,12377.06,4297.01,0.0,98.23,34.1,0.3472,29,0.29
2024-12-01,Home & Kitchen,20-30%,3,31,28,43,1.387,3614.54,915.86,2698.68,243.38,0.2579,62.76,5.66,0.0902,1,0.0323
2025-02-01,Footwear,30%+,4,10,10,11,1.1,1133.65,471.13,662.52,164.75,0.4074,60.23,14.98,0.2487,0,0.0
2024-11-01,Sports & Outdoors,20-30%,3,18,18,22,1.222,4115.25,1006.69,3108.56,458.28,0.2458,141.3,20.83,0.1474,4,0.2222
2024-12-01,Apparel,30%+,4,43,41,57,1.326,3572.39,1518.58,2053.81,449.64,0.4164,36.03,7.89,0.2189,4,0.093
2025-01-01,Footwear,30%+,4,20,20,30,1.5,3026.35,1276.35,1750.00,244.76,0.4228,58.33,8.16,0.1399,3,0.15
2025-08-01,Beauty,10-20%,2,14,12,15,1.071,766.71,123.47,643.24,342.85,0.1606,42.88,22.86,0.533,1,0.0714
2026-01-01,Beauty,0%,0,88,73,107,1.216,5484.29,0.00,5484.29,3196.88,0.0,51.26,29.88,0.5829,3,0.0341
2026-06-01,Home & Kitchen,1-10%,1,8,8,9,1.125,1111.82,72.65,1039.17,263.8,0.0655,115.46,29.31,0.2539,0,0.0
2025-12-01,Beauty,10-20%,2,18,18,21,1.167,976.46,154.61,821.85,413.5,0.1633,39.14,19.69,0.5031,0,0.0
2026-02-01,Apparel,10-20%,2,37,34,41,1.108,2746.43,438.70,2307.73,846.75,0.1575,56.29,20.65,0.3669,11,0.2973
2026-04-01,Sports & Outdoors,30%+,4,17,17,22,1.294,3835.74,1402.61,2433.13,225.56,0.3621,110.6,10.25,0.0927,2,0.1176
2026-05-01,Apparel,20-30%,3,32,29,41,1.281,3183.34,809.95,2373.39,676.09,0.2496,57.89,16.49,0.2849,6,0.1875
2026-05-01,Beauty,1-10%,1,6,6,7,1.167,430.04,21.83,408.21,155.7,0.0499,58.32,22.24,0.3814,2,0.3333
2024-07-01,Home & Kitchen,10-20%,2,17,17,20,1.176,2341.67,330.19,2011.48,278.67,0.1463,100.57,13.93,0.1385,4,0.2353
2024-11-01,Sports & Outdoors,10-20%,2,11,10,12,1.091,1938.12,293.44,1644.68,382.46,0.1574,137.06,31.87,0.2325,2,0.1818
2025-02-01,Apparel,1-10%,1,16,15,18,1.125,1325.22,58.62,1266.60,432.87,0.0399,70.37,24.05,0.3418,5,0.3125
2025-12-01,Home & Kitchen,1-10%,1,13,13,16,1.231,1965.03,102.88,1862.15,503.55,0.0524,116.38,31.47,0.2704,2,0.1538
2024-04-01,Apparel,1-10%,1,9,9,10,1.111,715.16,23.52,691.64,383.58,0.0339,69.16,38.36,0.5546,1,0.1111
2024-06-01,Beauty,30%+,4,25,22,31,1.24,1566.45,643.84,922.61,308.3,0.411,29.76,9.95,0.3342,1,0.04
2024-12-01,Apparel,20-30%,3,47,45,63,1.34,4381.91,1104.35,3277.56,1180.57,0.2482,52.02,18.74,0.3602,8,0.1702
2024-08-01,Home & Kitchen,20-30%,3,21,21,25,1.19,3365.65,853.19,2512.46,127.29,0.2477,100.5,5.09,0.0507,5,0.2381
2024-10-01,Home & Kitchen,1-10%,1,7,7,9,1.286,566.44,39.85,526.59,130.63,0.051,58.51,14.51,0.2481,0,0.0
2025-06-01,Beauty,20-30%,3,7,7,9,1.286,511.84,139.45,372.39,119.15,0.266,41.38,13.24,0.32,2,0.2857
2025-01-01,Electronics,10-20%,2,19,19,20,1.053,5114.28,792.74,4321.54,-153.95,0.1559,216.08,-7.7,-0.0356,2,0.1053
2025-03-01,Sports & Outdoors,30%+,4,6,5,8,1.333,1478.75,608.05,870.70,-37.23,0.4098,108.84,-4.65,-0.0428,0,0.0
2025-03-01,Footwear,10-20%,2,11,11,15,1.364,1159.28,179.20,980.08,192.8,0.1483,65.34,12.85,0.1967,6,0.5455
2026-03-01,Sports & Outdoors,1-10%,1,8,8,11,1.375,1982.69,100.66,1882.03,770.55,0.0588,171.09,70.05,0.4094,0,0.0
2026-06-01,Electronics,1-10%,1,5,5,6,1.2,1279.75,73.42,1206.33,112.0,0.0575,201.05,18.67,0.0928,0,0.0
2024-07-01,Footwear,30%+,4,5,5,6,1.2,470.44,213.00,257.44,33.24,0.4336,42.91,5.54,0.1291,1,0.2
2025-05-01,Sports & Outdoors,10-20%,2,13,13,23,1.769,4525.26,676.11,3849.15,1238.43,0.146,167.35,53.84,0.3217,0,0.0
2025-04-01,Electronics,20-30%,3,17,17,22,1.294,5705.89,1490.61,4215.28,-617.79,0.256,191.6,-28.08,-0.1466,2,0.1176
2024-02-01,Home & Kitchen,30%+,4,7,7,12,1.714,1547.36,681.60,865.76,-206.48,0.3993,72.15,-17.21,-0.2385,2,0.2857
2024-02-01,Footwear,20-30%,3,2,2,2,1.0,258.10,69.71,188.39,65.37,0.2701,94.2,32.69,0.347,0,0.0
2024-03-01,Apparel,30%+,4,5,5,8,1.6,328.53,152.88,175.65,42.13,0.461,21.96,5.27,0.2399,0,0.0
2024-01-01,Beauty,10-20%,2,3,3,5,1.667,228.02,30.82,197.20,115.74,0.1342,39.44,23.15,0.5869,0,0.0
2024-02-01,Home & Kitchen,0%,0,42,39,52,1.238,6146.49,0.00,6146.49,1843.25,0.0,118.2,35.45,0.2999,6,0.1429
2024-04-01,Home & Kitchen,0%,0,90,79,116,1.289,10882.04,0.00,10882.04,3084.74,0.0,93.81,26.59,0.2835,13,0.1444
2024-07-01,Footwear,1-10%,1,5,5,6,1.2,427.21,23.88,403.33,145.57,0.059,67.22,24.26,0.3609,2,0.4
2024-06-01,Footwear,10-20%,2,11,11,14,1.273,1235.18,193.31,1041.87,371.57,0.1532,74.42,26.54,0.3566,2,0.1818
2024-08-01,Apparel,10-20%,2,21,19,24,1.143,1895.76,271.87,1623.89,593.07,0.1497,67.66,24.71,0.3652,6,0.2857
2024-09-01,Home & Kitchen,0%,0,111,96,140,1.261,14393.17,0.00,14393.17,4740.24,0.0,102.81,33.86,0.3293,10,0.0901
2025-01-01,Home & Kitchen,30%+,4,34,29,39,1.147,3761.16,1531.50,2229.66,-218.2,0.4065,57.17,-5.59,-0.0979,4,0.1176
2025-06-01,Sports & Outdoors,0%,0,76,67,98,1.289,17573.10,0.00,17573.10,5386.17,0.0,179.32,54.96,0.3065,11,0.1447
2026-02-01,Sports & Outdoors,20-30%,3,18,18,24,1.333,4940.20,1243.94,3696.26,757.51,0.2551,154.01,31.56,0.2049,2,0.1111
2026-02-01,Beauty,0%,0,106,90,130,1.226,6955.27,0.00,6955.27,3931.79,0.0,53.5,30.24,0.5653,4,0.0377
2026-05-01,Footwear,20-30%,3,24,24,31,1.292,3087.92,748.85,2339.07,656.43,0.2403,75.45,21.18,0.2806,9,0.375
2024-05-01,Beauty,10-20%,2,13,12,16,1.231,751.28,101.55,649.73,352.6,0.1448,40.61,22.04,0.5427,0,0.0
2024-03-01,Electronics,30%+,4,8,8,12,1.5,3039.29,1137.92,1901.37,-686.12,0.372,158.45,-57.18,-0.3609,0,0.0
2024-07-01,Beauty,10-20%,2,10,10,13,1.3,523.69,79.30,444.39,231.26,0.1482,34.18,17.79,0.5204,0,0.0
2024-05-01,Beauty,20-30%,3,10,10,12,1.2,559.02,137.30,421.72,200.27,0.2463,35.14,16.69,0.4749,0,0.0
2024-05-01,Sports & Outdoors,30%+,4,6,5,9,1.5,2340.87,1033.09,1307.78,10.29,0.4525,145.31,1.14,0.0079,0,0.0
2024-06-01,Home & Kitchen,30%+,4,25,23,34,1.36,2357.83,935.31,1422.52,-176.76,0.4173,41.84,-5.2,-0.1243,1,0.04
2024-07-01,Sports & Outdoors,0%,0,56,47,59,1.054,10642.49,0.00,10642.49,3865.67,0.0,180.38,65.52,0.3632,8,0.1429
2024-08-01,Sports & Outdoors,10-20%,2,8,7,10,1.25,1423.68,237.40,1186.28,227.83,0.1656,118.63,22.78,0.1921,1,0.125
2026-04-01,Electronics,20-30%,3,20,20,25,1.25,6337.81,1508.82,4828.99,-638.05,0.2427,193.16,-25.52,-0.1321,0,0.0
2024-09-01,Beauty,0%,0,101,79,128,1.267,6727.70,0.00,6727.70,3524.87,0.0,52.56,27.54,0.5239,7,0.0693
2024-11-01,Electronics,0%,0,98,83,126,1.286,38901.91,0.00,38901.91,5618.28,0.0,308.75,44.59,0.1444,6,0.0612
2026-01-01,Apparel,10-20%,2,23,23,28,1.217,2387.26,365.79,2021.47,662.56,0.1561,72.2,23.66,0.3278,5,0.2174
2024-12-01,Sports & Outdoors,10-20%,2,24,24,28,1.167,5248.15,801.43,4446.72,1304.01,0.1577,158.81,46.57,0.2933,1,0.0417
2026-02-01,Footwear,30%+,4,13,12,19,1.462,1710.47,729.01,981.46,185.02,0.4238,51.66,9.74,0.1885,0,0.0
2025-04-01,Electronics,1-10%,1,16,16,18,1.125,4697.20,203.56,4493.64,41.33,0.0453,249.65,2.3,0.0092,2,0.125
2025-09-01,Home & Kitchen,20-30%,3,26,25,31,1.192,3034.46,748.23,2286.23,146.58,0.2421,73.75,4.73,0.0641,4,0.1538
2025-07-01,Home & Kitchen,20-30%,3,18,18,20,1.111,1700.47,416.00,1284.47,129.15,0.2431,64.22,6.46,0.1005,2,0.1111
2025-09-01,Apparel,10-20%,2,37,35,49,1.324,4032.35,599.36,3432.99,1437.11,0.148,70.06,29.33,0.4186,6,0.1622
2025-09-01,Apparel,30%+,4,30,30,38,1.267,2952.07,1196.21,1755.86,310.99,0.3956,46.21,8.18,0.1771,8,0.2667
2026-02-01,Electronics,10-20%,2,21,20,23,1.095,6374.13,957.85,5416.28,-44.56,0.1512,235.49,-1.94,-0.0082,2,0.0952
2026-03-01,Electronics,1-10%,1,14,14,14,1.0,3918.33,205.68,3712.65,455.15,0.0563,265.19,32.51,0.1226,0,0.0
2026-06-01,Apparel,1-10%,1,5,5,6,1.2,363.40,14.18,349.22,67.42,0.0423,58.2,11.24,0.1931,1,0.2
2026-04-01,Home & Kitchen,1-10%,1,19,19,24,1.263,3059.27,189.38,2869.89,798.66,0.0548,119.58,33.28,0.2783,1,0.0526
2025-05-01,Apparel,30%+,4,22,20,25,1.136,1883.06,727.45,1155.61,209.18,0.3931,46.22,8.37,0.181,5,0.2273
2024-09-01,Footwear,10-20%,2,14,14,16,1.143,1672.37,264.63,1407.74,523.79,0.157,87.98,32.74,0.3721,2,0.1429
2025-06-01,Electronics,10-20%,2,19,18,24,1.263,5225.52,734.60,4490.92,0.6,0.1496,187.12,0.02,0.0001,0,0.0
2025-03-01,Electronics,30%+,4,17,16,25,1.471,6078.59,2339.16,3739.43,-1277.3,0.3863,149.58,-51.09,-0.3416,2,0.1176
2025-03-01,Electronics,20-30%,3,12,12,14,1.167,3626.39,917.77,2708.62,-308.17,0.2508,193.47,-22.01,-0.1138,0,0.0
2025-07-01,Electronics,20-30%,3,20,19,27,1.35,8056.54,2007.43,6049.11,-768.3,0.2489,224.04,-28.46,-0.127,1,0.05
2025-07-01,Sports & Outdoors,1-10%,1,13,13,14,1.077,2203.62,111.80,2091.82,762.96,0.0506,149.42,54.5,0.3647,0,0.0
2026-02-01,Sports & Outdoors,1-10%,1,12,12,16,1.333,3192.79,233.99,2958.80,934.05,0.0726,184.93,58.38,0.3157,1,0.0833
2026-02-01,Beauty,1-10%,1,12,12,12,1.0,573.35,30.42,542.93,312.99,0.0519,45.24,26.08,0.5765,1,0.0833
2024-05-01,Home & Kitchen,20-30%,3,15,15,20,1.333,1938.91,487.44,1451.47,143.47,0.251,72.57,7.17,0.0988,1,0.0667
2024-06-01,Electronics,10-20%,2,15,13,17,1.133,5108.24,787.90,4320.34,76.53,0.155,254.14,4.5,0.0177,1,0.0667
2024-10-01,Beauty,30%+,4,16,15,21,1.313,1220.91,518.37,702.54,236.03,0.4142,33.45,11.24,0.336,1,0.0625
2025-03-01,Home & Kitchen,20-30%,3,19,19,24,1.263,1980.10,534.56,1445.54,106.22,0.2666,60.23,4.43,0.0735,1,0.0526
2026-02-01,Home & Kitchen,20-30%,3,5,5,9,1.8,1105.41,275.73,829.68,105.56,0.2475,92.19,11.73,0.1272,0,0.0
2024-07-01,Beauty,1-10%,1,8,8,10,1.25,595.43,35.47,559.96,336.79,0.0681,56.0,33.68,0.6015,0,0.0
2025-11-01,Electronics,1-10%,1,8,8,11,1.375,2288.29,110.08,2178.21,287.33,0.0564,198.02,26.12,0.1319,0,0.0
2024-08-01,Beauty,10-20%,2,6,6,10,1.667,393.76,65.64,328.12,156.26,0.1638,32.81,15.63,0.4762,1,0.1667
2025-02-01,Sports & Outdoors,1-10%,1,4,4,5,1.25,802.24,45.41,756.83,140.65,0.0419,151.37,28.13,0.1858,1,0.25
2024-04-01,Beauty,1-10%,1,2,2,4,2.0,209.48,13.10,196.38,116.57,0.0638,49.1,29.14,0.5936,0,0.0
2024-03-01,Apparel,10-20%,2,20,19,25,1.25,2054.75,322.26,1732.49,173.27,0.1529,69.3,6.93,0.1,9,0.45
2024-08-01,Sports & Outdoors,20-30%,3,8,8,9,1.125,1565.83,385.70,1180.13,200.53,0.2457,131.13,22.28,0.1699,2,0.25
2024-07-01,Footwear,0%,0,90,80,119,1.322,11410.39,0.00,11410.39,4354.97,0.0,95.89,36.6,0.3817,24,0.2667
2024-04-01,Footwear,10-20%,2,7,7,9,1.286,595.83,86.66,509.17,9.42,0.1458,56.57,1.05,0.0185,4,0.5714
2024-09-01,Apparel,1-10%,1,15,15,19,1.267,1338.08,97.26,1240.82,590.82,0.065,65.31,31.1,0.4762,3,0.2
2025-05-01,Apparel,1-10%,1,20,20,24,1.2,1511.15,91.93,1419.22,603.36,0.0598,59.13,25.14,0.4251,5,0.25
2024-11-01,Footwear,0%,0,101,93,116,1.149,11280.70,0.00,11280.70,3656.72,0.0,97.25,31.52,0.3242,29,0.2871
2025-07-01,Footwear,0%,0,98,81,116,1.184,10738.67,0.00,10738.67,3867.33,0.0,92.57,33.34,0.3601,29,0.2959
2025-08-01,Footwear,20-30%,3,19,19,25,1.316,2388.18,586.45,1801.73,428.24,0.2458,72.07,17.13,0.2377,7,0.3684
2025-09-01,Sports & Outdoors,1-10%,1,10,10,13,1.3,1837.15,106.14,1731.01,327.27,0.0557,133.15,25.17,0.1891,3,0.3
2026-06-01,Footwear,30%+,4,8,8,10,1.25,979.12,421.79,557.33,68.43,0.4258,55.73,6.84,0.1228,2,0.25
2025-11-01,Apparel,10-20%,2,34,34,45,1.324,3231.69,503.63,2728.06,712.47,0.1569,60.62,15.83,0.2612,9,0.2647
2026-02-01,Apparel,30%+,4,20,19,24,1.2,1766.72,677.66,1089.06,188.49,0.3902,45.38,7.85,0.1731,4,0.2
2026-02-01,Footwear,0%,0,103,90,130,1.262,11964.42,0.00,11964.42,3666.7,0.0,92.03,28.21,0.3065,38,0.3689
2026-02-01,Apparel,1-10%,1,17,17,20,1.176,1559.52,74.65,1484.87,457.89,0.0478,74.24,22.89,0.3084,5,0.2941
2026-06-01,Apparel,0%,0,102,84,113,1.108,7853.02,0.00,7853.02,3387.98,0.0,69.5,29.98,0.4314,22,0.2157
2026-06-01,Footwear,0%,0,63,50,78,1.238,7397.40,0.00,7397.40,2466.08,0.0,94.84,31.62,0.3334,17,0.2698
2026-05-01,Apparel,10-20%,2,20,20,27,1.35,2189.73,324.65,1865.08,690.58,0.15,69.08,25.58,0.3703,7,0.35
2024-03-01,Sports & Outdoors,20-30%,3,5,5,5,1.0,878.27,217.44,660.83,116.71,0.251,132.17,23.34,0.1766,0,0.0
2024-11-01,Electronics,20-30%,3,16,15,19,1.188,3895.16,1004.08,2891.08,-422.12,0.2596,152.16,-22.22,-0.146,1,0.0625
2024-07-01,Apparel,30%+,4,16,16,19,1.188,1745.72,685.04,1060.68,-0.6,0.3939,55.83,-0.03,-0.0006,4,0.25
2024-04-01,Sports & Outdoors,20-30%,3,9,9,9,1.0,1871.15,462.39,1408.76,319.42,0.2461,156.53,35.49,0.2267,0,0.0
2024-05-01,Electronics,20-30%,3,15,15,19,1.267,5392.39,1338.75,4053.64,-883.52,0.2386,213.35,-46.5,-0.218,4,0.2667
2025-10-01,Electronics,30%+,4,12,12,13,1.083,3729.74,1330.06,2399.68,-791.67,0.3658,184.59,-60.9,-0.3299,2,0.1667
2024-09-01,Sports & Outdoors,30%+,4,9,9,12,1.333,2400.55,823.84,1576.71,183.02,0.3464,131.39,15.25,0.1161,1,0.1111
2025-12-01,Home & Kitchen,20-30%,3,32,31,44,1.375,3717.68,946.12,2771.56,265.59,0.254,62.99,6.04,0.0958,2,0.0625
2024-11-01,Home & Kitchen,30%+,4,27,25,33,1.222,3539.38,1365.32,2174.06,-344.0,0.3859,65.88,-10.42,-0.1582,4,0.1481
2025-05-01,Sports & Outdoors,30%+,4,12,12,18,1.5,3395.64,1214.79,2180.85,136.61,0.3595,121.16,7.59,0.0626,0,0.0
2025-07-01,Beauty,30%+,4,11,11,15,1.364,848.70,339.90,508.80,127.63,0.3986,33.92,8.51,0.2508,2,0.1818
2025-09-01,Footwear,10-20%,2,15,14,18,1.2,1536.60,247.58,1289.02,377.18,0.1612,71.61,20.95,0.2926,4,0.2667
2025-10-01,Apparel,30%+,4,30,29,41,1.367,3121.50,1307.27,1814.23,365.98,0.4076,44.25,8.93,0.2017,6,0.2
2026-02-01,Sports & Outdoors,10-20%,2,12,12,19,1.583,3135.15,501.98,2633.17,708.96,0.1531,138.59,37.31,0.2692,1,0.0833
2025-11-01,Footwear,30%+,4,29,26,35,1.207,3071.67,1250.79,1820.88,236.44,0.408,52.03,6.76,0.1298,6,0.2069
2025-12-01,Beauty,1-10%,1,14,13,15,1.071,693.64,28.62,665.02,385.14,0.0385,44.33,25.68,0.5791,0,0.0
2026-04-01,Sports & Outdoors,1-10%,1,12,12,15,1.25,2883.02,199.42,2683.60,863.19,0.0576,178.91,57.55,0.3217,2,0.1667
2026-05-01,Beauty,10-20%,2,19,19,21,1.105,1175.37,176.43,998.94,519.0,0.1531,47.57,24.71,0.5196,0,0.0
2024-12-01,Electronics,1-10%,1,14,13,20,1.429,5885.94,250.06,5635.88,222.29,0.0474,281.79,11.11,0.0394,3,0.2143
2025-08-01,Electronics,20-30%,3,16,16,21,1.313,5983.59,1472.88,4510.71,-378.06,0.2514,214.8,-18.0,-0.0838,3,0.1875
2025-07-01,Footwear,30%+,4,14,14,17,1.214,1609.93,681.26,928.67,146.93,0.4042,54.63,8.64,0.1582,4,0.2857
2024-02-01,Footwear,1-10%,1,4,4,5,1.25,639.90,41.64,598.26,258.38,0.0586,119.65,51.68,0.4319,0,0.0
2024-03-01,Electronics,20-30%,3,7,6,8,1.143,2480.40,613.87,1866.53,-148.52,0.2474,233.32,-18.56,-0.0796,2,0.2857
2024-05-01,Footwear,1-10%,1,13,13,13,1.0,1381.44,106.99,1274.45,469.94,0.075,98.03,36.15,0.3687,3,0.2308
2024-05-01,Apparel,30%+,4,17,16,19,1.118,1419.66,550.32,869.34,170.22,0.3896,45.75,8.96,0.1958,5,0.2941
2025-01-01,Footwear,20-30%,3,14,14,19,1.357,1666.79,397.07,1269.72,415.83,0.2395,66.83,21.89,0.3275,2,0.1429
2024-11-01,Beauty,20-30%,3,16,16,22,1.375,1303.43,320.39,983.04,394.54,0.2458,44.68,17.93,0.4013,2,0.125
2025-05-01,Home & Kitchen,1-10%,1,16,16,22,1.375,2097.68,100.45,1997.23,496.94,0.0542,90.78,22.59,0.2488,3,0.1875
2025-02-01,Beauty,1-10%,1,12,12,15,1.25,775.66,42.37,733.29,352.99,0.0629,48.89,23.53,0.4814,1,0.0833
2025-06-01,Footwear,30%+,4,27,26,40,1.481,4308.81,1745.18,2563.63,284.95,0.404,64.09,7.12,0.1112,8,0.2963
2025-05-01,Home & Kitchen,20-30%,3,18,18,19,1.056,2026.27,484.60,1541.67,157.29,0.2399,81.14,8.28,0.102,2,0.1111
2025-09-01,Beauty,10-20%,2,14,14,21,1.5,1139.15,170.15,969.00,457.15,0.1538,46.14,21.77,0.4718,1,0.0714
2025-12-01,Sports & Outdoors,20-30%,3,9,9,11,1.222,2298.09,540.22,1757.87,430.31,0.2329,159.81,39.12,0.2448,0,0.0
2024-07-01,Electronics,20-30%,3,9,9,15,1.667,3905.19,1006.97,2898.22,-533.62,0.2509,193.21,-35.57,-0.1841,1,0.1111
2024-10-01,Footwear,1-10%,1,9,9,9,1.0,862.94,54.35,808.59,234.12,0.0617,89.84,26.01,0.2895,3,0.3333
2025-06-01,Sports & Outdoors,20-30%,3,10,10,13,1.3,2000.02,486.14,1513.88,345.23,0.2563,116.45,26.56,0.228,0,0.0
2025-12-01,Electronics,1-10%,1,16,16,18,1.125,4543.88,232.24,4311.64,-29.19,0.0492,239.54,-1.62,-0.0068,1,0.0625
2025-05-01,Electronics,1-10%,1,11,11,13,1.182,3294.67,136.20,3158.47,9.44,0.0389,242.96,0.73,0.003,1,0.0909
2025-09-01,Beauty,30%+,4,15,15,19,1.267,911.95,359.96,551.99,203.28,0.3968,29.05,10.7,0.3683,0,0.0
2026-02-01,Beauty,20-30%,3,10,10,11,1.1,537.43,137.43,400.00,191.96,0.2475,36.36,17.45,0.4799,0,0.0
2026-04-01,Footwear,1-10%,1,12,12,12,1.0,987.59,60.06,927.53,219.73,0.0605,77.29,18.31,0.2369,4,0.3333
2024-09-01,Electronics,1-10%,1,5,5,7,1.4,1805.28,87.07,1718.21,52.82,0.052,245.46,7.55,0.0307,3,0.6
2024-08-01,Beauty,20-30%,3,8,7,9,1.125,471.60,121.41,350.19,170.75,0.2513,38.91,18.97,0.4876,0,0.0
2026-06-01,Footwear,10-20%,2,3,3,3,1.0,222.83,26.20,196.63,92.11,0.1166,65.54,30.7,0.4684,0,0.0
2024-01-01,Footwear,1-10%,1,1,1,1,1.0,148.15,1.45,146.70,82.19,0.0098,146.7,82.19,0.5603,0,0.0
2024-01-01,Apparel,30%+,4,23,23,41,1.783,3721.24,1555.07,2166.17,230.43,0.4339,52.83,5.62,0.1064,6,0.2609
2024-02-01,Apparel,0%,0,78,68,107,1.372,7806.41,0.00,7806.41,3398.06,0.0,72.96,31.76,0.4353,17,0.2179
2024-09-01,Apparel,0%,0,177,137,226,1.277,16417.61,0.00,16417.61,6327.61,0.0,72.64,28.0,0.3854,49,0.2768
2024-05-01,Home & Kitchen,0%,0,93,78,118,1.269,10882.14,0.00,10882.14,3143.76,0.0,92.22,26.64,0.2889,6,0.0645
2024-05-01,Electronics,10-20%,2,8,8,12,1.5,3670.40,562.03,3108.37,-486.85,0.1658,259.03,-40.57,-0.1566,1,0.125
2024-11-01,Sports & Outdoors,30%+,4,18,17,25,1.389,4930.96,1870.18,3060.78,-121.49,0.3793,122.43,-4.86,-0.0397,5,0.2778
2025-03-01,Apparel,0%,0,221,176,272,1.231,19890.27,0.00,19890.27,8531.28,0.0,73.13,31.36,0.4289,43,0.1946
2025-02-01,Home & Kitchen,0%,0,106,85,135,1.274,14512.55,0.00,14512.55,4316.63,0.0,107.5,31.98,0.2974,13,0.1226
2025-07-01,Footwear,1-10%,1,7,7,10,1.429,935.01,40.95,894.06,399.48,0.0508,89.41,39.95,0.4468,2,0.2857
2025-08-01,Footwear,1-10%,1,12,12,12,1.0,1086.13,61.77,1024.36,410.92,0.052,85.36,34.24,0.4011,1,0.0833
2025-10-01,Footwear,0%,0,107,93,136,1.271,13050.88,0.00,13050.88,4554.21,0.0,95.96,33.49,0.349,31,0.2897
2025-11-01,Apparel,0%,0,253,207,320,1.265,21325.33,0.00,21325.33,8050.55,0.0,66.64,25.16,0.3775,67,0.2648
2025-10-01,Apparel,10-20%,2,29,29,37,1.276,2853.30,434.89,2418.41,875.82,0.1498,65.36,23.67,0.3621,7,0.2414
2025-12-01,Electronics,0%,0,136,117,184,1.353,49682.06,0.00,49682.06,6054.6,0.0,270.01,32.91,0.1219,6,0.0441
2024-02-01,Apparel,30%+,4,10,10,12,1.2,1013.64,384.22,629.42,97.65,0.3695,52.45,8.14,0.1551,4,0.4
2024-02-01,Electronics,30%+,4,6,5,7,1.167,2122.91,824.54,1298.37,-687.33,0.3688,185.48,-98.19,-0.5294,1,0.1667
2024-05-01,Electronics,0%,0,74,67,83,1.122,22776.49,0.00,22776.49,3245.58,0.0,274.42,39.1,0.1425,4,0.0541
2024-04-01,Home & Kitchen,20-30%,3,15,15,24,1.6,3369.27,849.14,2520.13,259.21,0.2497,105.01,10.8,0.1029,0,0.0
2024-07-01,Beauty,0%,0,71,64,89,1.254,4419.24,0.00,4419.24,2532.71,0.0,49.65,28.46,0.5731,3,0.0423
2025-01-01,Home & Kitchen,0%,0,109,92,139,1.275,14039.04,0.00,14039.04,4086.17,0.0,101.0,29.4,0.2911,10,0.0917
2025-03-01,Home & Kitchen,0%,0,134,119,172,1.284,16860.10,0.00,16860.10,4895.99,0.0,98.02,28.47,0.2904,15,0.1119
2025-12-01,Sports & Outdoors,30%+,4,29,24,42,1.448,8221.57,3530.38,4691.19,-98.25,0.4369,111.7,-2.34,-0.0209,5,0.1724
2025-03-01,Home & Kitchen,10-20%,2,17,16,22,1.294,2798.20,461.52,2336.68,462.07,0.1578,106.21,21.0,0.1977,1,0.0588
2024-11-01,Electronics,30%+,4,34,31,45,1.324,11334.50,4585.64,6748.86,-2879.37,0.4058,149.97,-63.99,-0.4266,1,0.0294
2025-06-01,Electronics,0%,0,108,90,128,1.185,35841.63,0.00,35841.63,3831.07,0.0,280.01,29.93,0.1069,3,0.0278
2025-06-01,Home & Kitchen,20-30%,3,26,22,31,1.192,3382.57,868.59,2513.98,244.11,0.2651,81.1,7.87,0.0971,1,0.0385
2025-01-01,Apparel,10-20%,2,25,24,31,1.24,2147.47,330.12,1817.35,642.48,0.1534,58.62,20.73,0.3535,5,0.2
2025-02-01,Beauty,0%,0,85,73,102,1.2,5708.96,0.00,5708.96,3239.86,0.0,55.97,31.76,0.5675,4,0.0471
2025-02-01,Electronics,30%+,4,13,12,16,1.231,3538.74,1344.77,2193.97,-818.3,0.3998,137.12,-51.14,-0.373,0,0.0
2025-04-01,Home & Kitchen,30%+,4,16,14,19,1.188,1475.75,553.11,922.64,4.54,0.395,48.56,0.24,0.0049,3,0.1875
2025-07-01,Beauty,0%,0,85,78,102,1.2,5552.60,0.00,5552.60,3227.49,0.0,54.44,31.64,0.5813,5,0.0588
2025-05-01,Footwear,1-10%,1,8,8,12,1.5,1221.94,76.78,1145.16,455.38,0.0693,95.43,37.95,0.3977,2,0.25
2025-09-01,Electronics,0%,0,111,95,134,1.207,35942.27,0.00,35942.27,4118.23,0.0,268.23,30.73,0.1146,6,0.0541
2025-08-01,Sports & Outdoors,20-30%,3,8,8,11,1.375,2008.01,513.81,1494.20,285.5,0.25,135.84,25.95,0.1911,1,0.125
2025-10-01,Apparel,20-30%,3,30,29,41,1.367,2942.75,716.26,2226.49,712.87,0.2422,54.3,17.39,0.3202,6,0.2
2025-09-01,Apparel,1-10%,1,33,31,42,1.273,2897.73,147.87,2749.86,1100.51,0.0563,65.47,26.2,0.4002,8,0.2424
2025-08-01,Electronics,10-20%,2,20,19,24,1.2,7126.96,1079.39,6047.57,44.41,0.1545,251.98,1.85,0.0073,0,0.0
2025-09-01,Electronics,30%+,4,11,11,16,1.455,5245.51,1960.14,3285.37,-1125.86,0.3747,205.34,-70.37,-0.3427,0,0.0
2025-10-01,Beauty,10-20%,2,15,15,18,1.2,896.15,130.59,765.56,398.72,0.1435,42.53,22.15,0.5208,0,0.0
2025-10-01,Footwear,10-20%,2,18,18,30,1.667,2700.52,393.49,2307.03,588.77,0.1443,76.9,19.63,0.2552,5,0.2778
2026-06-01,Electronics,30%+,4,24,22,34,1.417,9252.24,3728.12,5524.12,-2433.97,0.399,162.47,-71.59,-0.4406,0,0.0
2026-05-01,Home & Kitchen,1-10%,1,10,10,14,1.4,1100.67,48.73,1051.94,286.83,0.0491,75.14,20.49,0.2727,1,0.1
2026-05-01,Home & Kitchen,30%+,4,14,14,19,1.357,1606.85,613.93,992.92,-30.75,0.4144,52.26,-1.62,-0.031,2,0.1429
2026-06-01,Footwear,1-10%,1,9,9,12,1.333,1251.53,69.56,1181.97,517.78,0.0582,98.5,43.15,0.4381,2,0.2222
2024-01-01,Home & Kitchen,1-10%,1,6,6,7,1.167,736.66,18.89,717.77,229.39,0.0382,102.54,32.77,0.3196,0,0.0
2024-03-01,Beauty,0%,0,57,48,74,1.298,3860.27,0.00,3860.27,2195.64,0.0,52.17,29.67,0.5688,2,0.0351
2024-04-01,Footwear,20-30%,3,6,6,7,1.167,525.26,123.10,402.16,152.37,0.2409,57.45,21.77,0.3789,0,0.0
2024-05-01,Beauty,1-10%,1,6,6,7,1.167,287.93,6.75,281.18,168.35,0.0275,40.17,24.05,0.5987,0,0.0
2024-08-01,Electronics,10-20%,2,11,11,11,1.0,2776.06,451.26,2324.80,-163.52,0.1674,211.35,-14.87,-0.0703,1,0.0909
2025-09-01,Footwear,30%+,4,10,9,12,1.2,1067.56,410.24,657.32,135.44,0.3853,54.78,11.29,0.206,3,0.3
2026-03-01,Sports & Outdoors,30%+,4,10,10,14,1.4,2580.49,1093.57,1486.92,-23.96,0.4222,106.21,-1.71,-0.0161,1,0.1
2026-01-01,Beauty,1-10%,1,6,6,6,1.0,280.48,15.12,265.36,109.95,0.0592,44.23,18.33,0.4143,1,0.1667
2024-06-01,Apparel,20-30%,3,30,30,31,1.033,2082.52,519.92,1562.60,492.73,0.2477,50.41,15.89,0.3153,4,0.1333
2025-03-01,Electronics,1-10%,1,19,19,25,1.316,7559.07,411.70,7147.37,825.05,0.0544,285.89,33.0,0.1154,1,0.0526
2025-01-01,Sports & Outdoors,10-20%,2,14,13,16,1.143,3312.45,525.41,2787.04,611.22,0.155,174.19,38.2,0.2193,2,0.1429
2025-04-01,Beauty,20-30%,3,8,8,9,1.125,511.11,118.73,392.38,190.34,0.2375,43.6,21.15,0.4851,0,0.0
2026-06-01,Sports & Outdoors,1-10%,1,5,5,10,2.0,2164.60,99.89,2064.71,648.05,0.0445,206.47,64.8,0.3139,2,0.4
2024-02-01,Home & Kitchen,10-20%,2,9,8,11,1.222,721.74,110.80,610.94,54.49,0.1552,55.54,4.95,0.0892,2,0.2222
2024-09-01,Electronics,30%+,4,7,7,10,1.429,1826.27,699.42,1126.85,-349.81,0.3765,112.68,-34.98,-0.3104,2,0.2857
2024-05-01,Sports & Outdoors,1-10%,1,6,6,6,1.0,978.05,60.28,917.77,194.29,0.063,152.96,32.38,0.2117,1,0.1667
2025-03-01,Sports & Outdoors,1-10%,1,5,5,6,1.2,1292.15,52.62,1239.53,475.08,0.05,206.59,79.18,0.3833,0,0.0
2025-07-01,Sports & Outdoors,30%+,4,8,8,8,1.0,1322.98,490.64,832.34,20.71,0.3699,104.04,2.59,0.0249,1,0.125
2024-08-01,Sports & Outdoors,1-10%,1,6,6,7,1.167,820.67,53.36,767.31,231.31,0.0617,109.62,33.04,0.3015,1,0.1667
2024-08-01,Footwear,1-10%,1,9,9,9,1.0,898.95,64.71,834.24,376.44,0.0718,92.69,41.83,0.4512,1,0.1111
2026-06-01,Electronics,20-30%,3,10,10,11,1.1,3061.05,803.96,2257.09,-315.87,0.2588,205.19,-28.72,-0.1399,0,0.0
2024-02-01,Apparel,20-30%,3,15,15,20,1.333,1153.49,293.17,860.32,112.0,0.2478,43.02,5.6,0.1302,8,0.5333
2024-05-01,Apparel,0%,0,132,109,152,1.152,11765.46,0.00,11765.46,5376.27,0.0,77.4,35.37,0.457,24,0.1818
2024-07-01,Apparel,0%,0,131,110,151,1.153,9906.71,0.00,9906.71,3904.64,0.0,65.61,25.86,0.3941,36,0.2748
2026-04-01,Apparel,20-30%,3,40,40,50,1.25,3768.51,910.91,2857.60,847.5,0.2412,57.15,16.95,0.2966,9,0.225
2024-11-01,Apparel,30%+,4,52,46,74,1.423,5325.78,2292.06,3033.72,460.67,0.418,41.0,6.23,0.1518,15,0.2885
2024-12-01,Sports & Outdoors,30%+,4,21,19,30,1.429,5764.77,2225.11,3539.66,-143.21,0.3963,117.99,-4.77,-0.0405,5,0.2381
2024-12-01,Home & Kitchen,1-10%,1,26,26,30,1.154,2155.97,109.72,2046.25,303.4,0.046,68.21,10.11,0.1483,8,0.3077
2025-03-01,Electronics,10-20%,2,15,14,16,1.067,3874.11,584.08,3290.03,-197.8,0.1505,205.63,-12.36,-0.0601,1,0.0667
2025-09-01,Footwear,0%,0,115,97,138,1.2,12177.78,0.00,12177.78,4552.24,0.0,88.24,32.99,0.3738,23,0.2
2026-01-01,Apparel,0%,0,193,155,231,1.197,16458.36,0.00,16458.36,6528.77,0.0,71.25,28.26,0.3967,54,0.2798
2025-10-01,Home & Kitchen,30%+,4,11,11,16,1.455,1443.04,561.66,881.38,-136.37,0.3937,55.09,-8.52,-0.1547,2,0.1818
2026-01-01,Electronics,30%+,4,27,25,31,1.148,7093.55,2812.92,4280.63,-1524.3,0.3961,138.08,-49.17,-0.3561,4,0.1481
2025-10-01,Sports & Outdoors,0%,0,101,79,120,1.188,21482.04,0.00,21482.04,7334.47,0.0,179.02,61.12,0.3414,16,0.1584
2026-05-01,Apparel,0%,0,220,183,258,1.173,18315.00,0.00,18315.00,7559.84,0.0,70.99,29.3,0.4128,54,0.2455
2026-04-01,Footwear,0%,0,122,104,142,1.164,12535.22,0.00,12535.22,4159.13,0.0,88.28,29.29,0.3318,37,0.3033
2026-05-01,Sports & Outdoors,0%,0,86,78,112,1.302,21672.34,0.00,21672.34,7712.54,0.0,193.5,68.86,0.3559,11,0.1279
2024-01-01,Beauty,20-30%,3,4,4,4,1.0,248.86,60.66,188.20,92.34,0.2447,47.05,23.09,0.4906,0,0.0
2024-02-01,Home & Kitchen,20-30%,3,5,4,5,1.0,393.09,107.55,285.54,27.71,0.2635,57.11,5.54,0.097,0,0.0
2024-02-01,Apparel,10-20%,2,11,11,15,1.364,1023.08,178.55,844.53,311.4,0.1698,56.3,20.76,0.3687,3,0.2727
2024-04-01,Apparel,30%+,4,13,11,13,1.0,984.17,410.58,573.59,129.48,0.4193,44.12,9.96,0.2257,1,0.0769
2024-04-01,Footwear,30%+,4,10,10,13,1.3,1300.49,506.93,793.56,105.38,0.3985,61.04,8.11,0.1328,4,0.4
2024-08-01,Home & Kitchen,10-20%,2,24,23,29,1.208,2803.28,455.47,2347.81,422.37,0.1579,80.96,14.56,0.1799,2,0.0833
2025-10-01,Electronics,10-20%,2,22,20,28,1.273,7899.99,1096.07,6803.92,45.1,0.1425,243.0,1.61,0.0066,1,0.0455
2024-07-01,Sports & Outdoors,1-10%,1,4,4,5,1.25,843.81,69.94,773.87,273.75,0.0633,154.77,54.75,0.3537,1,0.25
2025-01-01,Apparel,30%+,4,47,44,67,1.426,4983.73,1999.19,2984.54,527.1,0.411,44.55,7.87,0.1766,14,0.2979
2024-08-01,Sports & Outdoors,30%+,4,6,6,8,1.333,1457.51,500.98,956.53,147.35,0.3857,119.57,18.42,0.154,0,0.0
2025-04-01,Sports & Outdoors,10-20%,2,12,11,12,1.0,1808.48,273.81,1534.67,473.43,0.1517,127.89,39.45,0.3085,0,0.0
2025-02-01,Beauty,20-30%,3,8,8,8,1.0,432.02,98.64,333.38,169.26,0.2309,41.67,21.16,0.5077,0,0.0
2025-09-01,Beauty,0%,0,110,91,136,1.236,7451.77,0.00,7451.77,4328.07,0.0,54.79,31.82,0.5808,5,0.0455
2025-10-01,Home & Kitchen,10-20%,2,28,28,36,1.286,4237.14,642.61,3594.53,581.24,0.1492,99.85,16.15,0.1617,3,0.1071
2025-09-01,Home & Kitchen,10-20%,2,18,17,27,1.5,3121.23,472.09,2649.14,381.68,0.1484,98.12,14.14,0.1441,1,0.0556
2026-06-01,Sports & Outdoors,0%,0,39,30,43,1.103,7525.81,0.00,7525.81,2260.53,0.0,175.02,52.57,0.3004,8,0.2051
2025-11-01,Electronics,30%+,4,46,45,57,1.239,15899.10,6751.22,9147.88,-4209.33,0.426,160.49,-73.85,-0.4601,5,0.1087
2025-11-01,Home & Kitchen,20-30%,3,23,23,32,1.391,2590.52,658.18,1932.34,164.35,0.2515,60.39,5.14,0.0851,2,0.087
2026-01-01,Beauty,30%+,4,12,12,12,1.0,627.62,253.46,374.16,107.95,0.3966,31.18,9.0,0.2885,1,0.0833
2026-05-01,Footwear,10-20%,2,16,16,23,1.438,1670.38,243.04,1427.34,460.72,0.1471,62.06,20.03,0.3228,2,0.125
2026-03-01,Electronics,0%,0,132,112,156,1.182,41929.89,0.00,41929.89,4305.92,0.0,268.78,27.6,0.1027,10,0.0758
2026-05-01,Home & Kitchen,10-20%,2,21,21,26,1.238,2570.02,401.11,2168.91,296.37,0.1473,83.42,11.4,0.1366,4,0.1905
2024-05-01,Footwear,20-30%,3,10,10,16,1.6,1302.27,309.38,992.89,118.84,0.2495,62.06,7.43,0.1197,3,0.3
2024-10-01,Footwear,20-30%,3,9,9,13,1.444,1156.94,300.10,856.84,201.68,0.2575,65.91,15.51,0.2354,2,0.2222
2024-10-01,Footwear,10-20%,2,14,14,21,1.5,2117.54,312.53,1805.01,776.49,0.1444,85.95,36.98,0.4302,3,0.2143
2025-01-01,Electronics,30%+,4,23,21,28,1.217,8680.03,3492.74,5187.29,-1887.75,0.4323,185.26,-67.42,-0.3639,2,0.087
2025-08-01,Footwear,10-20%,2,17,16,30,1.765,2680.82,413.82,2267.00,875.52,0.153,75.57,29.18,0.3862,3,0.1765
2025-10-01,Apparel,1-10%,1,25,23,34,1.36,2346.38,116.71,2229.67,1060.05,0.0462,65.58,31.18,0.4754,3,0.12
2025-11-01,Home & Kitchen,1-10%,1,16,15,17,1.063,1590.49,71.46,1519.03,421.37,0.0422,89.35,24.79,0.2774,2,0.125
2026-06-01,Home & Kitchen,20-30%,3,10,10,11,1.1,1274.07,310.03,964.04,138.72,0.2365,87.64,12.61,0.1439,1,0.1
2026-05-01,Sports & Outdoors,1-10%,1,5,5,5,1.0,1198.98,62.22,1136.76,489.89,0.0568,227.35,97.98,0.431,0,0.0
2024-01-01,Footwear,30%+,4,9,7,14,1.556,1247.23,510.24,736.99,108.22,0.4293,52.64,7.73,0.1468,2,0.2222
2024-03-01,Beauty,20-30%,3,4,4,5,1.25,261.41,56.24,205.17,86.57,0.2232,41.03,17.31,0.4219,0,0.0
2024-02-01,Apparel,1-10%,1,9,9,9,1.0,800.20,45.40,754.80,260.05,0.0531,83.87,28.89,0.3445,1,0.1111
2024-09-01,Sports & Outdoors,10-20%,2,6,6,6,1.0,1156.13,168.03,988.10,318.26,0.1433,164.68,53.04,0.3221,0,0.0
2026-01-01,Beauty,20-30%,3,15,15,18,1.2,978.00,242.93,735.07,361.16,0.2498,40.84,20.06,0.4913,0,0.0
2026-02-01,Sports & Outdoors,30%+,4,7,7,7,1.0,1619.87,645.91,973.96,94.91,0.3918,139.14,13.56,0.0974,1,0.1429
2024-06-01,Footwear,1-10%,1,7,7,8,1.143,679.61,47.40,632.21,229.95,0.0615,79.03,28.74,0.3637,2,0.2857
2025-07-01,Electronics,1-10%,1,12,12,15,1.25,4411.69,299.26,4112.43,238.65,0.0681,274.16,15.91,0.058,2,0.1667
2024-05-01,Electronics,30%+,4,6,5,11,1.833,3973.77,1632.92,2340.85,-1718.72,0.4043,212.8,-156.25,-0.7342,1,0.1667
2024-03-01,Sports & Outdoors,10-20%,2,8,8,8,1.0,1605.70,270.25,1335.45,399.14,0.1657,166.93,49.89,0.2989,1,0.125
2024-06-01,Footwear,0%,0,60,51,74,1.233,6610.12,0.00,6610.12,2305.47,0.0,89.33,31.16,0.3488,15,0.25
2026-04-01,Apparel,0%,0,236,190,285,1.208,20746.97,0.00,20746.97,8938.08,0.0,72.8,31.36,0.4308,54,0.2288
2025-11-01,Footwear,0%,0,134,112,167,1.246,15730.32,0.00,15730.32,5818.24,0.0,94.19,34.84,0.3699,36,0.2687
2025-11-01,Apparel,30%+,4,69,62,97,1.406,7590.86,3428.35,4162.51,502.9,0.4371,42.91,5.18,0.1208,22,0.3188
2024-12-01,Footwear,20-30%,3,19,18,28,1.474,2328.08,595.20,1732.88,341.29,0.256,61.89,12.19,0.1969,4,0.2105
2025-06-01,Apparel,0%,0,190,157,247,1.3,16908.36,0.00,16908.36,7599.49,0.0,68.45,30.77,0.4495,43,0.2263
2026-03-01,Apparel,0%,0,249,196,317,1.273,23362.94,0.00,23362.94,10129.83,0.0,73.7,31.96,0.4336,57,0.2289
2026-03-01,Apparel,20-30%,3,33,33,39,1.182,2873.02,728.94,2144.08,786.32,0.2503,54.98,20.16,0.3667,5,0.1515
2026-03-01,Sports & Outdoors,0%,0,110,96,136,1.236,25359.52,0.00,25359.52,8109.35,0.0,186.47,59.63,0.3198,18,0.1636
2024-01-01,Beauty,0%,0,25,20,29,1.16,1487.38,0.00,1487.38,887.39,0.0,51.29,30.6,0.5966,0,0.0
2024-12-01,Home & Kitchen,0%,0,127,110,154,1.213,14882.23,0.00,14882.23,4719.94,0.0,96.64,30.65,0.3172,10,0.0787
2024-09-01,Apparel,20-30%,3,22,21,27,1.227,1764.79,435.73,1329.06,344.7,0.2439,49.22,12.77,0.2594,6,0.2727
2024-07-01,Electronics,0%,0,90,70,111,1.233,28677.66,0.00,28677.66,3869.64,0.0,258.36,34.86,0.1349,6,0.0667
2024-05-01,Beauty,30%+,4,3,3,5,1.667,283.08,104.23,178.85,59.95,0.3617,35.77,11.99,0.3352,0,0.0
2026-02-01,Electronics,30%+,4,15,15,19,1.267,5098.58,2092.16,3006.42,-1322.77,0.394,158.23,-69.62,-0.44,1,0.0667
2024-10-01,Beauty,20-30%,3,14,14,16,1.143,764.82,183.06,581.76,290.97,0.2416,36.36,18.19,0.5002,1,0.0714
2024-09-01,Footwear,30%+,4,8,7,12,1.5,973.77,439.65,534.12,-75.92,0.4452,44.51,-6.33,-0.1421,3,0.375
2025-05-01,Sports & Outdoors,20-30%,3,11,11,11,1.0,1367.72,333.57,1034.15,59.22,0.2396,94.01,5.38,0.0573,3,0.2727
2024-12-01,Apparel,10-20%,2,28,28,34,1.214,2035.59,299.10,1736.49,631.55,0.1491,51.07,18.58,0.3637,6,0.2143
2025-02-01,Home & Kitchen,30%+,4,14,14,17,1.214,1276.17,524.28,751.89,-60.22,0.3876,44.23,-3.54,-0.0801,3,0.2143
2025-07-01,Sports & Outdoors,10-20%,2,13,13,19,1.462,2667.30,390.43,2276.87,347.26,0.1503,119.84,18.28,0.1525,3,0.2308
2025-07-01,Beauty,1-10%,1,5,5,6,1.2,328.09,5.45,322.64,194.75,0.0259,53.77,32.46,0.6036,0,0.0
2025-06-01,Footwear,1-10%,1,14,14,15,1.071,1331.32,45.07,1286.25,395.85,0.0367,85.75,26.39,0.3078,4,0.2857
2025-08-01,Apparel,20-30%,3,38,37,49,1.289,3484.12,865.66,2618.46,828.74,0.2451,53.44,16.91,0.3165,9,0.2368
2026-01-01,Home & Kitchen,0%,0,135,114,163,1.207,14538.38,0.00,14538.38,4085.85,0.0,89.19,25.07,0.281,18,0.1333
2026-03-01,Home & Kitchen,1-10%,1,20,20,22,1.1,1927.12,88.01,1839.11,590.03,0.0515,83.6,26.82,0.3208,0,0.0
2025-11-01,Beauty,0%,0,122,105,140,1.148,7488.24,0.00,7488.24,4409.36,0.0,53.49,31.5,0.5888,2,0.0164
2026-01-01,Home & Kitchen,30%+,4,30,29,36,1.2,2742.73,1173.00,1569.73,-262.57,0.4315,43.6,-7.29,-0.1673,1,0.0333
2026-04-01,Footwear,20-30%,3,9,9,12,1.333,823.52,201.49,622.03,240.27,0.2436,51.84,20.02,0.3863,0,0.0
2026-06-01,Home & Kitchen,10-20%,2,13,13,14,1.077,1442.95,235.77,1207.18,280.71,0.1614,86.23,20.05,0.2325,1,0.0769
2026-06-01,Electronics,0%,0,46,40,64,1.391,18451.57,0.00,18451.57,2484.07,0.0,288.31,38.81,0.1346,3,0.0652
2026-05-01,Sports & Outdoors,20-30%,3,16,15,27,1.688,4296.43,1039.28,3257.15,608.11,0.2434,120.64,22.52,0.1867,0,0.0
2024-01-01,Beauty,1-10%,1,5,5,8,1.6,338.60,19.49,319.11,152.93,0.0656,39.89,19.12,0.4792,1,0.2
2025-02-01,Electronics,10-20%,2,15,14,20,1.333,4467.58,646.71,3820.87,-395.56,0.1479,191.04,-19.78,-0.1035,3,0.2
2024-07-01,Apparel,1-10%,1,11,11,12,1.091,934.78,50.32,884.46,333.98,0.048,73.71,27.83,0.3776,3,0.2727
2026-04-01,Home & Kitchen,30%+,4,20,20,21,1.05,2293.95,901.54,1392.41,-30.13,0.3979,66.31,-1.43,-0.0216,2,0.1
2024-09-01,Home & Kitchen,30%+,4,7,7,7,1.0,582.71,216.31,366.40,-9.85,0.3681,52.34,-1.41,-0.0269,0,0.0
2024-10-01,Sports & Outdoors,1-10%,1,8,8,13,1.625,2852.79,246.79,2606.00,873.41,0.0778,200.46,67.19,0.3352,2,0.25
2026-04-01,Beauty,1-10%,1,13,13,16,1.231,828.84,56.10,772.74,460.73,0.0609,48.3,28.8,0.5962,0,0.0
2026-02-01,Beauty,30%+,4,13,13,15,1.154,749.22,304.79,444.43,153.78,0.4091,29.63,10.25,0.346,0,0.0
2025-10-01,Sports & Outdoors,20-30%,3,14,14,21,1.5,3645.15,812.14,2833.01,696.99,0.2244,134.91,33.19,0.246,0,0.0
2025-11-01,Apparel,1-10%,1,24,24,30,1.25,2111.09,125.40,1985.69,693.41,0.0556,66.19,23.11,0.3492,4,0.1667
2026-04-01,Electronics,1-10%,1,17,17,19,1.118,5549.68,265.27,5284.41,395.81,0.0548,278.13,20.83,0.0749,2,0.1176
2024-09-01,Home & Kitchen,10-20%,2,16,16,17,1.063,1423.83,237.10,1186.73,225.05,0.1681,69.81,13.24,0.1896,1,0.0625
2026-01-01,Footwear,20-30%,3,24,23,31,1.292,2976.55,743.65,2232.90,507.56,0.2516,72.03,16.37,0.2273,5,0.2083
2025-01-01,Footwear,1-10%,1,10,10,15,1.5,1194.75,68.77,1125.98,234.67,0.0542,75.07,15.64,0.2084,4,0.4
2026-04-01,Home & Kitchen,10-20%,2,29,28,34,1.172,3067.46,473.86,2593.60,512.91,0.1456,76.28,15.09,0.1978,4,0.1379
2024-04-01,Sports & Outdoors,10-20%,2,6,6,11,1.833,1966.28,305.99,1660.29,468.01,0.1443,150.94,42.55,0.2819,0,0.0
2025-01-01,Beauty,20-30%,3,12,11,15,1.25,550.67,136.95,413.72,216.76,0.2502,27.58,14.45,0.5239,0,0.0
2025-02-01,Beauty,10-20%,2,11,10,12,1.091,736.18,106.16,630.02,334.3,0.1422,52.5,27.86,0.5306,0,0.0
2025-02-01,Sports & Outdoors,30%+,4,8,7,13,1.625,2538.25,935.77,1602.48,200.61,0.3684,123.27,15.43,0.1252,0,0.0
2024-01-01,Electronics,30%+,4,12,11,17,1.417,5049.51,2103.27,2946.24,-1417.76,0.4284,173.31,-83.4,-0.4812,0,0.0
2026-06-01,Sports & Outdoors,20-30%,3,2,2,2,1.0,465.92,96.68,369.24,98.97,0.2068,184.62,49.49,0.268,0,0.0
2024-04-01,Sports & Outdoors,1-10%,1,3,3,3,1.0,560.47,13.41,547.06,207.47,0.0283,182.35,69.16,0.3792,0,0.0
2025-04-01,Sports & Outdoors,30%+,4,7,7,8,1.143,1375.07,592.61,782.46,15.95,0.3937,97.81,1.99,0.0204,1,0.1429
2024-04-01,Electronics,0%,0,90,70,118,1.311,32471.52,0.00,32471.52,3289.69,0.0,275.18,27.88,0.1013,10,0.1111
2024-12-01,Electronics,30%+,4,31,29,36,1.161,10664.31,4878.75,5785.56,-2799.03,0.4474,160.71,-77.75,-0.4838,3,0.0968
2025-04-01,Footwear,0%,0,116,99,137,1.181,12967.90,0.00,12967.90,4997.08,0.0,94.66,36.48,0.3853,28,0.2414
2024-08-01,Sports & Outdoors,0%,0,68,56,76,1.118,15199.35,0.00,15199.35,5147.11,0.0,199.99,67.73,0.3386,10,0.1471
2025-04-01,Sports & Outdoors,1-10%,1,8,8,8,1.0,1500.84,46.10,1454.74,373.52,0.0345,181.84,46.69,0.2568,2,0.25
2025-05-01,Home & Kitchen,0%,0,137,109,167,1.219,16550.16,0.00,16550.16,5310.77,0.0,99.1,31.8,0.3209,10,0.073
2025-12-01,Footwear,0%,0,153,133,172,1.124,15509.49,0.00,15509.49,5456.87,0.0,90.17,31.73,0.3518,41,0.268
2026-03-01,Home & Kitchen,0%,0,180,150,209,1.161,22123.15,0.00,22123.15,5884.88,0.0,105.85,28.16,0.266,20,0.1111
2026-03-01,Home & Kitchen,10-20%,2,36,36,48,1.333,5596.35,857.21,4739.14,963.93,0.1556,98.73,20.08,0.2034,5,0.1389
2025-11-01,Apparel,20-30%,3,31,30,36,1.161,2447.07,622.79,1824.28,461.15,0.2542,50.67,12.81,0.2528,10,0.3226
2026-03-01,Beauty,0%,0,98,85,116,1.184,6448.09,0.00,6448.09,3661.57,0.0,55.59,31.57,0.5679,5,0.051
2024-01-01,Apparel,20-30%,3,13,10,21,1.615,1358.19,349.56,1008.63,384.11,0.2704,48.03,18.29,0.3808,2,0.1538
2025-09-01,Home & Kitchen,0%,0,133,120,172,1.293,18704.35,0.00,18704.35,5864.87,0.0,108.75,34.1,0.3136,10,0.0752
2024-10-01,Home & Kitchen,30%+,4,15,13,23,1.533,2674.78,1073.76,1601.02,-373.95,0.404,69.61,-16.26,-0.2336,1,0.0667
2024-11-01,Sports & Outdoors,1-10%,1,12,12,12,1.0,1777.05,80.93,1696.12,461.54,0.0482,141.34,38.46,0.2721,2,0.1667
2025-02-01,Apparel,30%+,4,17,15,20,1.176,1527.85,594.90,932.95,17.77,0.3911,46.65,0.89,0.019,6,0.3529
2024-12-01,Electronics,0%,0,139,123,170,1.223,46303.14,0.00,46303.14,3588.59,0.0,272.37,21.11,0.0775,9,0.0647
2024-12-01,Home & Kitchen,10-20%,2,19,19,19,1.0,1731.47,270.21,1461.26,309.24,0.1556,76.91,16.28,0.2116,0,0.0
2025-07-01,Home & Kitchen,1-10%,1,17,17,20,1.176,2171.01,96.14,2074.87,439.12,0.0474,103.74,21.96,0.2116,2,0.1176
2025-01-01,Beauty,0%,0,73,64,91,1.247,4647.37,0.00,4647.37,2453.58,0.0,51.07,26.96,0.528,6,0.0822
2025-01-01,Beauty,30%+,4,16,14,17,1.063,1000.26,405.19,595.07,193.29,0.4024,35.0,11.37,0.3248,1,0.0625
2025-03-01,Apparel,1-10%,1,22,22,32,1.455,2313.71,118.95,2194.76,722.78,0.0514,68.59,22.59,0.3293,6,0.2727
2025-04-01,Apparel,30%+,4,24,22,29,1.208,1903.61,742.61,1161.00,227.59,0.3901,40.03,7.85,0.196,6,0.25
2025-08-01,Sports & Outdoors,30%+,4,8,7,11,1.375,1811.41,683.11,1128.30,46.21,0.3761,102.57,4.2,0.041,1,0.125
2025-08-01,Electronics,30%+,4,10,10,10,1.0,2429.26,894.94,1534.32,-486.46,0.3641,153.43,-48.65,-0.3171,1,0.1
2025-11-01,Home & Kitchen,0%,0,171,145,227,1.327,22240.38,0.00,22240.38,6688.04,0.0,97.98,29.46,0.3007,19,0.1111
2025-12-01,Beauty,0%,0,125,109,147,1.176,7396.69,0.00,7396.69,4330.27,0.0,50.32,29.46,0.5854,4,0.032
2025-12-01,Beauty,30%+,4,34,30,45,1.324,2258.38,969.82,1288.56,379.91,0.4129,28.63,8.44,0.2948,2,0.0588
2025-09-01,Sports & Outdoors,10-20%,2,15,15,19,1.267,3813.16,596.58,3216.58,617.02,0.1541,169.29,32.47,0.1918,4,0.2667
2024-02-01,Sports & Outdoors,10-20%,2,6,5,6,1.0,1031.24,159.44,871.80,160.06,0.1501,145.3,26.68,0.1836,1,0.1667
2025-07-01,Electronics,30%+,4,16,15,23,1.438,5135.66,1936.10,3199.56,-1177.86,0.3681,139.11,-51.21,-0.3681,1,0.0625
2025-07-01,Electronics,10-20%,2,21,21,25,1.19,6566.27,968.70,5597.57,-46.0,0.1508,223.9,-1.84,-0.0082,3,0.1429
2025-12-01,Home & Kitchen,10-20%,2,20,20,23,1.15,2458.67,411.87,2046.80,326.56,0.1562,88.99,14.2,0.1595,3,0.15
2024-08-01,Footwear,30%+,4,6,6,12,2.0,801.18,285.68,515.50,65.8,0.3666,42.96,5.48,0.1276,2,0.3333
2025-11-01,Footwear,20-30%,3,16,16,18,1.125,1692.39,417.31,1275.08,288.34,0.2475,70.84,16.02,0.2261,5,0.3125
2024-05-01,Home & Kitchen,1-10%,1,10,10,13,1.3,969.95,62.05,907.90,244.81,0.0496,69.84,18.83,0.2696,0,0.0
2024-09-01,Home & Kitchen,20-30%,3,15,14,19,1.267,2102.82,527.01,1575.81,171.72,0.2515,82.94,9.04,0.109,0,0.0
2025-02-01,Footwear,20-30%,3,14,14,18,1.286,1065.30,250.73,814.57,233.37,0.2402,45.25,12.97,0.2865,3,0.2143
2025-11-01,Electronics,10-20%,2,20,19,23,1.15,5313.85,794.25,4519.60,-94.87,0.1529,196.5,-4.12,-0.021,0,0.0
2024-04-01,Footwear,1-10%,1,9,9,12,1.333,1171.70,71.78,1099.92,394.36,0.0597,91.66,32.86,0.3585,2,0.2222
2024-01-01,Footwear,20-30%,3,7,7,8,1.143,704.09,182.06,522.03,155.98,0.2521,65.25,19.5,0.2988,1,0.1429
2024-03-01,Electronics,1-10%,1,5,5,6,1.2,1725.45,130.88,1594.57,108.44,0.067,265.76,18.07,0.068,0,0.0
2024-06-01,Footwear,30%+,4,16,13,21,1.313,1895.40,817.01,1078.39,130.75,0.4069,51.35,6.23,0.1212,4,0.25
2024-03-01,Footwear,10-20%,2,9,8,11,1.222,889.93,146.22,743.71,81.4,0.1651,67.61,7.4,0.1095,3,0.3333
2024-11-01,Apparel,1-10%,1,17,17,20,1.176,1653.21,83.73,1569.48,673.39,0.0471,78.47,33.67,0.4291,4,0.2353
2025-05-01,Footwear,0%,0,97,88,126,1.299,11262.77,0.00,11262.77,3842.39,0.0,89.39,30.5,0.3412,27,0.2784
2025-04-01,Home & Kitchen,20-30%,3,21,20,30,1.429,3098.90,739.98,2358.92,269.61,0.2397,78.63,8.99,0.1143,2,0.0952
2025-02-01,Footwear,1-10%,1,10,10,10,1.0,1143.56,66.20,1077.36,293.85,0.0561,107.74,29.39,0.2728,3,0.3
2025-02-01,Electronics,0%,0,95,81,116,1.221,31809.86,0.00,31809.86,4139.75,0.0,274.22,35.69,0.1301,6,0.0632
2025-01-01,Apparel,1-10%,1,20,18,24,1.2,1876.93,101.92,1775.01,649.75,0.0541,73.96,27.07,0.3661,5,0.25
2025-03-01,Beauty,0%,0,102,90,126,1.235,6475.06,0.00,6475.06,3675.52,0.0,51.39,29.17,0.5676,7,0.0686
2025-04-01,Footwear,30%+,4,12,11,13,1.083,1305.05,486.60,818.45,72.99,0.3667,62.96,5.61,0.0892,7,0.5833
2025-08-01,Apparel,0%,0,194,157,234,1.206,16655.58,0.00,16655.58,6707.82,0.0,71.18,28.67,0.4027,41,0.2113
2025-05-01,Apparel,10-20%,2,33,32,39,1.182,2748.42,424.84,2323.58,778.29,0.1523,59.58,19.96,0.335,9,0.2727
2025-06-01,Home & Kitchen,0%,0,139,120,171,1.23,18721.26,0.00,18721.26,5458.6,0.0,109.48,31.92,0.2916,16,0.1151
2025-06-01,Apparel,10-20%,2,22,20,29,1.318,2168.89,336.28,1832.61,697.57,0.1514,63.19,24.05,0.3806,5,0.2273
2025-10-01,Apparel,0%,0,220,182,250,1.136,17331.34,0.00,17331.34,7071.5,0.0,69.33,28.29,0.408,49,0.2227
2025-12-01,Apparel,30%+,4,63,60,88,1.397,6658.31,2659.89,3998.42,765.85,0.4014,45.44,8.7,0.1915,14,0.2222
2025-12-01,Footwear,1-10%,1,24,24,33,1.375,3467.84,212.99,3254.85,865.55,0.0613,98.63,26.23,0.2659,5,0.2083
2026-06-01,Electronics,10-20%,2,12,11,16,1.333,5170.81,831.55,4339.26,-13.52,0.1594,271.2,-0.84,-0.0031,1,0.0833
2026-06-01,Apparel,30%+,4,29,28,42,1.448,2906.25,1147.51,1758.74,450.25,0.3985,41.87,10.72,0.256,7,0.2414
2024-02-01,Beauty,10-20%,2,6,6,8,1.333,485.50,85.63,399.87,205.23,0.1682,49.98,25.65,0.5132,0,0.0
2024-01-01,Sports & Outdoors,0%,0,28,23,37,1.321,6724.78,0.00,6724.78,2367.95,0.0,181.75,64.0,0.3521,5,0.1786
2024-04-01,Home & Kitchen,1-10%,1,7,7,8,1.143,419.38,17.92,401.46,130.16,0.0449,50.18,16.27,0.3242,0,0.0
2024-09-01,Sports & Outdoors,0%,0,67,62,80,1.194,14109.44,0.00,14109.44,5057.13,0.0,176.37,63.21,0.3584,6,0.0896
2024-10-01,Home & Kitchen,10-20%,2,15,15,21,1.4,2125.15,337.97,1787.18,394.12,0.1573,85.1,18.77,0.2205,2,0.1333
2024-06-01,Electronics,30%+,4,11,9,13,1.182,3264.47,1245.07,2019.40,-690.16,0.3907,155.34,-53.09,-0.3418,1,0.0909
2024-10-01,Apparel,20-30%,3,28,25,40,1.429,2893.42,698.24,2195.18,462.49,0.2424,54.88,11.56,0.2107,8,0.2857
2024-09-01,Apparel,10-20%,2,19,18,26,1.368,1997.16,326.04,1671.12,781.02,0.1561,64.27,30.04,0.4674,2,0.1053
2026-05-01,Electronics,10-20%,2,12,12,12,1.0,2883.88,422.12,2461.76,8.74,0.1465,205.15,0.73,0.0036,1,0.0833
2025-07-01,Apparel,30%+,4,33,31,50,1.515,3772.42,1409.21,2363.21,204.02,0.384,47.26,4.08,0.0863,9,0.2727
2025-08-01,Home & Kitchen,20-30%,3,25,25,32,1.28,2455.87,591.23,1864.64,287.97,0.2385,58.27,9.0,0.1544,0,0.0
2025-07-01,Apparel,1-10%,1,17,17,22,1.294,2087.15,70.51,2016.64,932.07,0.0392,91.67,42.37,0.4622,3,0.1765
2025-06-01,Apparel,20-30%,3,21,21,27,1.286,1823.26,458.56,1364.70,426.7,0.2495,50.54,15.8,0.3127,6,0.2857
2025-10-01,Beauty,0%,0,124,110,143,1.153,7891.32,0.00,7891.32,4646.1,0.0,55.18,32.49,0.5888,4,0.0323
2025-08-01,Apparel,10-20%,2,30,28,42,1.4,3159.75,481.13,2678.62,918.6,0.1507,63.78,21.87,0.3429,10,0.3333
2025-10-01,Beauty,30%+,4,12,12,16,1.333,938.18,338.90,599.28,234.38,0.3614,37.46,14.65,0.3911,0,0.0
2025-09-01,Beauty,20-30%,3,11,11,15,1.364,703.18,176.35,526.83,242.86,0.2467,35.12,16.19,0.461,0,0.0
2025-11-01,Electronics,0%,0,141,124,166,1.177,44409.95,0.00,44409.95,3950.2,0.0,267.53,23.8,0.0889,17,0.1206
2025-11-01,Home & Kitchen,30%+,4,30,30,35,1.167,3102.38,1240.98,1861.40,-233.74,0.4029,53.18,-6.68,-0.1256,1,0.0333
2026-01-01,Apparel,20-30%,3,36,35,47,1.306,4267.63,1052.43,3215.20,935.02,0.2461,68.41,19.89,0.2908,9,0.25
2026-06-01,Beauty,30%+,4,5,5,5,1.0,325.36,122.91,202.45,85.14,0.3766,40.49,17.03,0.4205,0,0.0
2024-11-01,Electronics,10-20%,2,21,21,27,1.286,6638.20,979.27,5658.93,-78.62,0.1475,209.59,-2.91,-0.0139,4,0.1905
2024-10-01,Electronics,1-10%,1,15,15,20,1.333,5761.91,323.18,5438.73,479.1,0.0544,271.94,23.96,0.0881,1,0.0667
2025-03-01,Footwear,20-30%,3,12,12,13,1.083,1172.84,275.26,897.58,240.46,0.2369,69.04,18.5,0.2679,2,0.1667
2024-02-01,Electronics,0%,0,55,45,61,1.109,18263.76,0.00,18263.76,2542.72,0.0,299.41,41.68,0.1392,4,0.0727
2024-05-01,Footwear,30%+,4,10,10,15,1.5,1502.85,594.87,907.98,89.41,0.3756,60.53,5.96,0.0985,3,0.3
2024-08-01,Footwear,10-20%,2,10,10,13,1.3,1503.82,230.16,1273.66,321.55,0.1477,97.97,24.73,0.2525,3,0.3
2025-04-01,Beauty,30%+,4,13,11,19,1.462,1100.85,406.51,694.34,278.76,0.3849,36.54,14.67,0.4015,0,0.0
2025-07-01,Beauty,10-20%,2,15,15,16,1.067,836.16,120.76,715.40,343.61,0.149,44.71,21.48,0.4803,2,0.1333
2025-08-01,Home & Kitchen,10-20%,2,30,30,34,1.133,3698.03,571.83,3126.20,629.21,0.1525,91.95,18.51,0.2013,4,0.1333
2026-03-01,Sports & Outdoors,20-30%,3,15,15,15,1.0,2511.14,649.63,1861.51,274.09,0.2523,124.1,18.27,0.1472,2,0.1333
2025-10-01,Footwear,1-10%,1,10,10,12,1.2,950.86,70.27,880.59,206.06,0.0724,73.38,17.17,0.234,4,0.4
2024-03-01,Home & Kitchen,10-20%,2,9,9,10,1.111,796.90,120.09,676.81,139.58,0.1505,67.68,13.96,0.2062,0,0.0
2025-06-01,Beauty,10-20%,2,13,13,14,1.077,814.94,122.97,691.97,373.49,0.1564,49.43,26.68,0.5397,0,0.0
2025-11-01,Sports & Outdoors,20-30%,3,16,16,20,1.25,3714.72,969.27,2745.45,502.73,0.2528,137.27,25.14,0.1831,2,0.125
2025-07-01,Home & Kitchen,30%+,4,20,20,26,1.3,3079.21,1181.52,1897.69,-72.38,0.3922,72.99,-2.78,-0.0381,1,0.05
2026-01-01,Sports & Outdoors,30%+,4,35,30,43,1.229,7894.93,3465.87,4429.06,-798.13,0.427,103.0,-18.56,-0.1802,9,0.2571
2024-06-01,Sports & Outdoors,20-30%,3,10,10,14,1.4,2627.15,629.72,1997.43,358.33,0.2551,142.67,25.59,0.1794,2,0.2
2025-01-01,Home & Kitchen,10-20%,2,17,16,18,1.059,1690.31,259.86,1430.45,300.21,0.1568,79.47,16.68,0.2099,1,0.0588
2026-05-01,Sports & Outdoors,30%+,4,5,5,7,1.4,1365.41,518.47,846.94,60.59,0.3843,120.99,8.66,0.0715,0,0.0
2024-07-01,Home & Kitchen,30%+,4,13,13,15,1.154,1883.14,691.00,1192.14,-63.75,0.3576,79.48,-4.25,-0.0535,2,0.1538
2024-01-01,Sports & Outdoors,1-10%,1,4,4,5,1.25,716.93,39.18,677.75,143.6,0.057,135.55,28.72,0.2119,1,0.25
2025-01-01,Sports & Outdoors,1-10%,1,3,3,3,1.0,547.45,36.18,511.27,217.75,0.0504,170.42,72.58,0.4259,0,0.0
2024-01-01,Footwear,10-20%,2,1,1,1,1.0,67.74,9.56,58.18,11.1,0.1411,58.18,11.1,0.1908,0,0.0
2024-05-01,Electronics,1-10%,1,7,7,7,1.0,1919.87,119.09,1800.78,83.52,0.063,257.25,11.93,0.0464,1,0.1429
2024-12-01,Beauty,30%+,4,34,32,44,1.294,2498.45,1064.30,1434.15,473.77,0.4194,32.59,10.77,0.3303,1,0.0294
2024-10-01,Apparel,0%,0,176,144,220,1.25,16671.10,0.00,16671.10,6580.8,0.0,75.78,29.91,0.3947,48,0.2727
2025-02-01,Footwear,0%,0,80,72,101,1.263,10246.42,0.00,10246.42,3560.8,0.0,101.45,35.26,0.3475,20,0.25
2024-11-01,Apparel,20-30%,3,39,39,47,1.205,3339.31,833.22,2506.09,553.69,0.2523,53.32,11.78,0.2209,10,0.2564
2024-11-01,Beauty,30%+,4,21,20,27,1.286,1437.15,600.55,836.60,237.11,0.4109,30.99,8.78,0.2834,3,0.1429
2025-08-01,Sports & Outdoors,0%,0,84,72,106,1.262,18686.14,0.00,18686.14,6366.83,0.0,176.28,60.06,0.3407,9,0.1071
2025-07-01,Electronics,0%,0,130,112,153,1.177,42656.02,0.00,42656.02,5292.8,0.0,278.8,34.59,0.1241,14,0.1077
2025-08-01,Sports & Outdoors,10-20%,2,17,16,20,1.176,3420.52,540.02,2880.50,793.0,0.1591,144.03,39.65,0.2753,2,0.1176
2025-11-01,Sports & Outdoors,0%,0,108,98,140,1.296,25681.30,0.00,25681.30,9208.44,0.0,183.44,65.77,0.3586,14,0.1296
2026-01-01,Apparel,1-10%,1,31,31,36,1.161,2428.53,125.94,2302.59,941.88,0.0492,63.96,26.16,0.4091,8,0.2581
2024-07-01,Footwear,20-30%,3,13,13,15,1.154,1452.56,346.18,1106.38,207.14,0.2365,73.76,13.81,0.1872,4,0.3077
2024-06-01,Beauty,0%,0,58,50,72,1.241,3877.33,0.00,3877.33,2224.43,0.0,53.85,30.89,0.5737,2,0.0345
2024-04-01,Electronics,1-10%,1,5,5,8,1.6,2606.05,97.53,2508.52,252.52,0.0429,313.57,31.57,0.1007,1,0.2
2024-04-01,Beauty,30%+,4,6,6,8,1.333,400.11,150.58,249.53,87.83,0.3951,31.19,10.98,0.352,0,0.0
2024-10-01,Beauty,0%,0,100,84,123,1.23,6568.59,0.00,6568.59,3729.42,0.0,53.4,30.32,0.5678,5,0.05
2024-04-01,Sports & Outdoors,0%,0,36,31,43,1.194,8825.82,0.00,8825.82,3306.12,0.0,205.25,76.89,0.3746,3,0.0833
2024-06-01,Home & Kitchen,20-30%,3,12,12,12,1.0,922.26,218.75,703.51,52.43,0.2521,58.63,4.37,0.0745,2,0.1667
2024-07-01,Apparel,20-30%,3,17,17,21,1.235,1813.23,452.61,1360.62,449.86,0.2532,64.79,21.42,0.3306,3,0.1765
2024-09-01,Beauty,10-20%,2,12,12,15,1.25,685.41,111.34,574.07,290.74,0.1628,38.27,19.38,0.5065,0,0.0
2025-01-01,Electronics,20-30%,3,16,15,17,1.063,4327.02,1006.21,3320.81,-379.66,0.2333,195.34,-22.33,-0.1143,0,0.0
2025-01-01,Beauty,1-10%,1,9,9,12,1.333,389.57,22.57,367.00,209.17,0.0581,30.58,17.43,0.5699,1,0.1111
2025-01-01,Beauty,10-20%,2,9,8,12,1.333,668.79,95.92,572.87,315.14,0.1457,47.74,26.26,0.5501,0,0.0
2025-08-01,Beauty,0%,0,103,89,117,1.136,6265.50,0.00,6265.50,3541.88,0.0,53.55,30.27,0.5653,6,0.0583
2025-04-01,Beauty,1-10%,1,10,10,15,1.5,874.07,52.52,821.55,415.09,0.0618,54.77,27.67,0.5053,2,0.2
2025-09-01,Footwear,20-30%,3,16,16,19,1.188,1559.33,381.87,1177.46,205.24,0.2489,61.97,10.8,0.1743,6,0.375
2026-02-01,Home & Kitchen,1-10%,1,15,15,15,1.0,1358.47,101.47,1257.00,260.77,0.0738,83.8,17.38,0.2075,2,0.1333
2026-02-01,Apparel,20-30%,3,28,26,38,1.357,2428.87,609.18,1819.69,570.98,0.2578,47.89,15.03,0.3138,5,0.1786
2026-06-01,Beauty,1-10%,1,7,7,7,1.0,356.36,19.68,336.68,199.39,0.0559,48.1,28.48,0.5922,0,0.0
2026-04-01,Electronics,30%+,4,16,16,19,1.188,4967.29,1951.86,3015.43,-1172.65,0.395,158.71,-61.72,-0.3889,0,0.0
2026-02-01,Electronics,20-30%,3,18,18,22,1.222,5914.32,1430.16,4484.16,-554.32,0.2406,203.83,-25.2,-0.1236,2,0.1111
2026-03-01,Footwear,1-10%,1,19,19,21,1.105,2163.36,124.05,2039.31,856.95,0.0602,97.11,40.81,0.4202,3,0.1579
2026-03-01,Beauty,20-30%,3,18,18,26,1.444,1298.03,328.77,969.26,437.33,0.2522,37.28,16.82,0.4512,0,0.0
2024-12-01,Footwear,10-20%,2,24,24,35,1.458,3187.89,496.55,2691.34,789.29,0.1504,76.9,22.55,0.2933,11,0.4583
2025-09-01,Electronics,1-10%,1,11,11,13,1.182,3457.54,212.33,3245.21,199.29,0.0576,249.63,15.33,0.0614,1,0.0909
2025-11-01,Footwear,1-10%,1,5,5,10,2.0,918.39,57.78,860.61,201.21,0.0568,86.06,20.12,0.2338,3,0.6
2024-03-01,Beauty,30%+,4,10,8,10,1.0,499.75,182.34,317.41,115.81,0.373,31.74,11.58,0.3649,0,0.0
2025-06-01,Home & Kitchen,1-10%,1,14,14,17,1.214,2148.03,96.09,2051.94,578.76,0.0481,120.7,34.04,0.2821,2,0.1429
2024-12-01,Electronics,10-20%,2,19,19,21,1.105,6770.50,1005.89,5764.61,-10.56,0.1575,274.51,-0.5,-0.0018,0,0.0
2024-11-01,Home & Kitchen,1-10%,1,9,9,9,1.0,843.13,45.63,797.50,253.66,0.061,88.61,28.18,0.3181,0,0.0
2024-11-01,Footwear,1-10%,1,5,5,5,1.0,313.78,20.24,293.54,137.91,0.0659,58.71,27.58,0.4698,1,0.2
2024-11-01,Home & Kitchen,10-20%,2,27,27,31,1.148,3576.58,566.27,3010.31,571.62,0.1526,97.11,18.44,0.1899,4,0.1481
2025-02-01,Electronics,20-30%,3,7,7,8,1.143,1926.40,480.07,1446.33,-764.99,0.2515,180.79,-95.62,-0.5289,2,0.2857
2025-09-01,Sports & Outdoors,30%+,4,12,11,13,1.083,2385.64,872.72,1512.92,149.94,0.36,116.38,11.53,0.0991,1,0.0833
2025-11-01,Sports & Outdoors,30%+,4,19,18,24,1.263,4605.39,2063.77,2541.62,-247.25,0.4545,105.9,-10.3,-0.0973,5,0.2632
2026-01-01,Sports & Outdoors,20-30%,3,22,22,25,1.136,4121.58,1078.98,3042.60,597.22,0.2571,121.7,23.89,0.1963,0,0.0
2026-01-01,Home & Kitchen,10-20%,2,17,16,17,1.0,1604.46,237.49,1366.97,193.59,0.1469,80.41,11.39,0.1416,3,0.1765
2026-01-01,Footwear,30%+,4,31,29,44,1.419,4157.68,1795.87,2361.81,375.25,0.4373,53.68,8.53,0.1589,4,0.129
2026-01-01,Home & Kitchen,1-10%,1,9,9,17,1.889,1583.97,95.35,1488.62,466.55,0.0661,87.57,27.44,0.3134,0,0.0
2026-05-01,Electronics,30%+,4,16,16,16,1.0,5728.34,2071.56,3656.78,-1447.3,0.3618,228.55,-90.46,-0.3958,1,0.0625
2024-04-01,Home & Kitchen,30%+,4,12,11,13,1.083,1137.69,469.96,667.73,-114.14,0.3974,51.36,-8.78,-0.1709,2,0.1667
2024-10-01,Apparel,30%+,4,18,15,21,1.167,1413.09,502.21,910.88,186.03,0.3598,43.38,8.86,0.2042,7,0.3889
2025-02-01,Home & Kitchen,1-10%,1,7,7,10,1.429,657.47,24.87,632.60,122.21,0.0446,63.26,12.22,0.1932,1,0.1429
2024-02-01,Home & Kitchen,1-10%,1,6,6,6,1.0,572.08,47.56,524.52,132.97,0.0741,87.42,22.16,0.2535,1,0.1667
2024-12-01,Sports & Outdoors,1-10%,1,13,13,14,1.077,2228.74,124.00,2104.74,728.18,0.0504,150.34,52.01,0.346,1,0.0769
2025-05-01,Electronics,10-20%,2,18,17,20,1.111,5805.32,932.30,4873.02,-59.91,0.1595,243.65,-3.0,-0.0123,1,0.0556
2026-01-01,Electronics,20-30%,3,16,16,20,1.25,5533.67,1409.92,4123.75,-600.46,0.2518,206.19,-30.02,-0.1456,2,0.125
2024-01-01,Apparel,1-10%,1,7,7,9,1.286,451.26,25.94,425.32,221.26,0.0485,47.26,24.58,0.5202,1,0.1429
2024-07-01,Beauty,30%+,4,8,8,8,1.0,459.14,165.69,293.45,108.2,0.3615,36.68,13.53,0.3687,0,0.0
2024-03-01,Sports & Outdoors,30%+,4,3,3,3,1.0,614.59,316.81,297.78,-45.04,0.5089,99.26,-15.01,-0.1513,0,0.0
