month,segment,starting_mrr,ending_mrr,new_mrr,expansion_mrr,reactivation_mrr,contraction_mrr,churned_mrr,retention_base_mrr,retention_base_ending_mrr,active_customers,starting_customers,new_customers,churned_customers,reactivated_customers,expanded_customers,contracted_customers
2023-02-01,SMB,11046.74,16968.68,5971.74,0.0,0.0,0.0,49.8,11046.74,10996.94,20,12,9,1,0,0,0
2026-06-01,SMB,262903.54,252779.11,11243.9,3764.07,0.0,2186.13,22946.27,262903.54,241535.21,454,447,30,23,0,23,8
2025-12-01,Mid-Market,747310.66,757780.8,42394.68,9737.03,2958.0,2318.04,42301.53,747310.66,712428.12,205,195,19,10,1,13,2
2026-07-01,Mid-Market,1114950.61,1186997.69,81271.66,15986.51,0.0,12855.94,12355.15,1114950.61,1105726.03,292,275,21,4,0,13,8
2026-02-01,SMB,222160.48,230156.29,14495.19,2174.48,119.35,1725.12,7068.09,222160.48,215541.75,404,378,38,14,2,19,7
2025-12-01,Enterprise,3149387.1,3415138.24,342451.09,55735.98,0.0,27496.29,104939.64,3149387.1,3072687.15,123,118,9,4,0,6,4
2026-07-01,Enterprise,4556963.84,4680887.59,66535.7,102064.13,0.0,44676.08,0.0,4556963.84,4614351.89,157,155,2,0,0,21,5
2024-04-01,SMB,84767.48,86109.16,6251.54,1252.36,680.4,674.92,6167.7,84767.48,79177.22,142,130,17,6,1,11,5
2024-11-01,SMB,115223.06,126447.39,16073.56,1490.15,125.0,675.17,5789.21,115223.06,110248.83,207,198,18,10,1,10,4
2023-11-01,Mid-Market,171966.85,191039.38,21596.38,2427.57,0.0,4489.85,461.57,171966.85,169443.0,50,46,5,1,0,4,2
2024-10-01,Mid-Market,344356.02,363524.98,32763.61,8512.45,0.0,578.02,21529.08,344356.02,330761.37,101,99,7,5,0,8,2
2025-02-01,Mid-Market,438811.52,457591.45,27159.33,10642.41,0.0,2123.48,16898.33,438811.52,430432.12,128,122,7,1,0,12,3
2026-03-01,SMB,230156.29,241610.46,16138.27,4197.89,139.95,1976.2,7045.74,230156.29,225332.24,422,404,37,20,1,33,10
2023-11-01,Enterprise,532622.14,548375.35,7801.2,19758.09,0.0,11806.08,0.0,532622.14,540574.15,28,26,2,0,0,2,1
2024-10-01,Enterprise,1357693.39,1481684.87,122446.74,15732.19,0.0,14187.45,0.0,1357693.39,1359238.13,64,60,4,0,0,5,2
2025-02-01,Enterprise,1703183.06,1808608.27,62238.48,43186.73,0.0,0.0,0.0,1703183.06,1746369.79,81,77,4,0,0,5,0
2023-01-01,Mid-Market,0.0,17441.25,17441.25,0.0,0.0,0.0,0.0,0.0,0.0,2,0,2,0,0,0,0
2023-01-01,Enterprise,0.0,41689.34,41689.34,0.0,0.0,0.0,0.0,0.0,0.0,1,0,1,0,0,0,0
2023-03-01,SMB,16968.68,24360.86,8461.27,811.91,0.0,0.0,1881.0,16968.68,15899.59,31,20,12,1,0,4,0
2025-05-01,Mid-Market,512444.25,536339.5,43213.5,3819.78,0.0,11947.72,11190.31,512444.25,493126.0,144,141,10,7,0,9,11
2025-05-01,Enterprise,2110797.26,2255882.95,104027.82,49622.58,0.0,2300.18,6264.53,2110797.26,2151855.13,97,93,5,1,0,11,2
2023-06-01,SMB,29786.23,40894.0,10798.75,381.17,0.0,0.0,72.15,29786.23,30095.25,56,41,16,1,0,3,0
2025-03-01,Mid-Market,457591.45,502496.22,48127.44,5846.37,987.48,7113.74,2942.78,457591.45,453381.3,137,128,9,1,1,10,6
2025-06-01,Mid-Market,536339.5,582103.33,41408.12,14034.14,0.0,4090.71,5587.72,536339.5,540695.21,153,144,11,2,0,16,3
2025-03-01,Enterprise,1808608.27,1955576.26,142609.84,23758.74,0.0,19400.59,0.0,1808608.27,1812966.42,89,81,8,0,0,10,2
2025-06-01,Enterprise,2255882.95,2346696.21,142655.73,85148.81,0.0,2262.3,134728.98,2255882.95,2204040.48,98,97,4,3,0,12,2
2023-09-01,SMB,44916.1,52224.97,9596.53,1693.52,0.0,75.0,3906.18,44916.1,42628.44,73,64,14,5,0,4,1
2025-01-01,SMB,127049.23,132301.34,11199.56,2194.67,0.0,2415.23,5726.89,127049.23,121101.78,224,215,22,13,0,16,7
2025-08-01,SMB,173811.33,182549.61,10835.89,649.15,1416.08,1782.04,2380.8,173811.33,170297.64,309,294,22,10,3,13,8
2023-05-01,Mid-Market,68483.96,88152.61,20767.33,1124.32,0.0,2223.0,0.0,68483.96,67385.28,21,14,7,0,0,1,1
2023-12-01,Mid-Market,191039.38,232107.55,38288.49,3051.21,0.0,271.53,0.0,191039.38,193819.06,62,50,12,0,0,5,1
2024-03-01,Mid-Market,258603.83,279293.12,21288.44,1568.32,0.0,0.0,2167.47,258603.83,258004.68,73,69,6,2,0,4,0
2024-07-01,Mid-Market,331826.58,331563.32,11212.35,8293.91,0.0,5485.98,14283.54,331826.58,320350.97,94,92,4,2,0,9,3
2024-08-01,Mid-Market,331563.32,343702.71,11710.18,14189.59,0.0,513.32,13247.06,331563.32,331992.53,96,94,5,3,0,9,2
2024-12-01,Mid-Market,381195.91,401107.98,34688.81,14418.98,1942.38,0.0,31138.1,381195.91,364476.79,112,106,12,7,1,12,0
2025-09-01,Mid-Market,669945.78,670121.94,34192.7,12679.36,0.0,14638.14,32057.76,669945.78,635929.24,177,170,13,6,0,15,7
2025-11-01,Mid-Market,694020.95,747310.66,52670.12,17039.56,0.0,3022.03,13397.94,694020.95,694640.54,195,184,16,5,0,20,4
2023-12-01,Enterprise,548375.35,609788.51,38104.0,23816.76,0.0,507.6,0.0,548375.35,571684.51,29,28,1,0,0,6,1
2024-03-01,Enterprise,621305.37,677194.24,50170.97,9730.7,0.0,4012.8,0.0,621305.37,627023.27,37,31,6,0,0,2,1
2024-07-01,Enterprise,1017271.27,1076185.22,81112.86,27434.73,0.0,10584.3,39049.34,1017271.27,995072.36,50,47,4,1,0,6,3
2024-08-01,Enterprise,1076185.22,1302818.95,171339.3,55294.43,0.0,0.0,0.0,1076185.22,1131479.65,55,50,5,0,0,10,0
2024-12-01,Enterprise,1608098.48,1630694.49,82250.37,25555.89,0.0,12388.82,72821.43,1608098.48,1548444.12,74,70,5,1,0,4,3
2025-09-01,Enterprise,2464757.79,2730666.42,170676.06,118120.88,0.0,20336.81,2551.5,2464757.79,2559990.36,111,103,9,1,0,13,3
2025-11-01,Enterprise,2886379.42,3149387.1,198295.47,143467.15,0.0,17471.19,61283.75,2886379.42,2951091.63,118,114,6,2,0,17,3
2023-04-01,Mid-Market,64042.19,68483.96,7770.6,248.67,0.0,0.0,3577.5,64042.19,60713.36,14,13,2,1,0,1,0
2023-04-01,Enterprise,166705.11,190818.81,24113.7,0.0,0.0,0.0,0.0,166705.11,166705.11,8,5,3,0,0,0,0
2023-05-01,Enterprise,190818.81,246619.76,55800.95,0.0,0.0,0.0,0.0,190818.81,190818.81,13,8,5,0,0,0,0
2023-04-01,SMB,24360.86,26640.57,4506.21,23.5,0.0,0.0,2250.0,24360.86,22134.36,40,31,11,2,0,1,0
2023-05-01,SMB,26640.57,29786.23,5657.15,215.88,0.0,552.82,2174.55,26640.57,24129.08,41,40,6,5,0,2,1
2023-12-01,SMB,60671.22,63711.27,5504.38,1047.64,0.0,592.3,2919.67,60671.22,58206.89,98,89,14,5,0,10,3
2024-03-01,SMB,77936.49,84767.48,7847.53,1479.49,0.0,121.2,2374.83,77936.49,76919.95,130,121,15,6,0,7,3
2024-07-01,SMB,96065.48,101864.16,7637.46,1449.18,0.0,353.78,2934.18,96065.48,94226.7,170,158,19,7,0,7,5
2024-08-01,SMB,101864.16,112139.38,8797.41,2078.84,0.0,427.98,173.05,101864.16,103341.97,180,170,12,2,0,15,6
2024-12-01,SMB,126447.39,127049.23,11705.1,2795.79,0.0,1019.69,12879.36,126447.39,115344.13,215,207,25,17,0,8,4
2025-09-01,SMB,182549.61,188428.93,14262.79,2363.65,810.83,1088.43,10469.52,182549.61,173355.31,320,309,22,13,2,15,9
2025-11-01,SMB,196294.95,200219.94,12840.87,4929.91,0.0,2316.78,11529.01,196294.95,187379.07,344,328,33,17,0,24,10
2023-09-01,Mid-Market,163735.91,158091.15,2422.77,3222.31,0.0,1209.37,10080.47,163735.91,155668.38,39,38,4,3,0,3,2
2025-01-01,Mid-Market,401107.98,438811.52,40651.29,9369.11,0.0,10081.8,2235.06,401107.98,398160.23,122,112,12,2,0,14,9
2025-08-01,Mid-Market,646257.37,669945.78,24845.91,9075.25,3086.33,7033.42,6285.66,646257.37,642013.54,170,165,6,2,1,17,5
2023-09-01,Enterprise,385902.63,380723.83,12597.3,1922.8,0.0,19698.9,0.0,385902.63,368126.53,23,20,3,0,0,1,2
2025-01-01,Enterprise,1630694.49,1703183.06,80883.89,12556.6,0.0,12942.82,8009.1,1630694.49,1622299.17,77,74,4,1,0,5,4
2025-08-01,Enterprise,2455883.22,2464757.79,31215.68,41986.94,0.0,59816.05,4512.0,2455883.22,2433542.11,103,101,3,1,0,10,7
2025-05-01,SMB,160780.7,164720.04,11327.05,2105.26,887.0,1284.07,9095.9,160780.7,152505.99,277,262,23,10,2,15,8
2023-03-01,Mid-Market,49692.45,64042.19,14349.74,0.0,0.0,0.0,0.0,49692.45,49692.45,13,9,4,0,0,0,0
2023-03-01,Enterprise,88824.23,166705.11,60414.2,17466.68,0.0,0.0,0.0,88824.23,106290.91,5,3,2,0,0,1,0
2023-07-01,SMB,40894.0,41363.16,1841.2,176.54,0.0,70.5,1478.08,40894.0,39521.96,58,56,4,2,0,2,1
2024-02-01,SMB,67863.47,77936.49,12515.94,1252.77,0.0,652.67,3043.02,67863.47,65420.55,121,109,17,5,0,10,6
2024-05-01,Mid-Market,286255.61,290351.27,21021.98,3900.45,0.0,5753.43,15073.34,286255.61,269329.29,84,80,8,4,0,9,5
2024-09-01,Mid-Market,343702.71,344356.02,23604.06,5062.26,0.0,9603.77,18409.24,343702.71,320751.96,99,96,9,6,0,7,4
2025-07-01,Mid-Market,582103.33,646257.37,63897.73,9521.04,0.0,7438.18,1826.55,582103.33,582359.64,165,153,13,1,0,14,5
2026-04-01,Mid-Market,945369.57,973682.7,56317.24,24311.67,0.0,13417.6,38898.18,945369.57,917365.46,251,245,11,5,0,26,13
2026-01-01,SMB,209636.61,222160.48,19739.55,2603.18,99.7,750.69,9167.87,209636.61,202321.23,378,362,33,18,1,22,6
2024-05-01,Enterprise,773461.83,815437.72,53538.57,26075.86,0.0,29372.64,8265.9,773461.83,761899.15,42,40,3,1,0,5,3
2024-09-01,Enterprise,1302818.95,1357693.39,55549.26,26196.38,0.0,26871.2,0.0,1302818.95,1302144.13,60,55,5,0,0,8,3
2025-07-01,Enterprise,2346696.21,2455883.22,26533.13,85401.8,0.0,2747.92,0.0,2346696.21,2429350.09,101,98,3,0,0,9,2
2026-04-01,Enterprise,3699827.91,3904064.9,137365.18,155358.94,0.0,39080.41,49406.72,3699827.91,3766699.72,138,135,4,1,0,17,4
2023-10-01,SMB,52224.97,54832.51,5121.79,301.52,0.0,50.0,2765.77,52224.97,49710.72,81,73,14,6,0,3,2
2025-10-01,SMB,188428.93,196294.95,14726.18,2820.16,0.0,2510.36,7169.96,188428.93,181568.77,328,320,25,17,0,17,10
2026-08-01,SMB,268165.97,273708.38,12700.11,4726.32,0.0,2455.07,9428.95,268165.97,261008.27,468,460,27,19,0,31,16
2024-06-01,Mid-Market,290351.27,331826.58,38137.01,6638.01,0.0,1143.31,2156.4,290351.27,293689.57,92,84,10,2,0,6,2
2025-04-01,Mid-Market,502496.22,512444.25,13680.64,4269.72,0.0,4907.68,3094.65,502496.22,498763.61,141,137,5,1,0,10,5
2024-06-01,Enterprise,815437.72,1017271.27,155757.01,46076.54,0.0,0.0,0.0,815437.72,861514.26,47,42,5,0,0,8,0
2025-04-01,Enterprise,1955576.26,2110797.26,123637.1,41031.34,0.0,1479.06,7968.38,1955576.26,1987160.16,93,89,5,1,0,9,1
2025-03-01,SMB,140489.49,143682.43,14439.23,3050.54,0.0,802.31,13494.52,140489.49,129243.2,244,235,29,20,0,18,6
2025-06-01,SMB,164720.04,174850.24,11397.65,3051.74,0.0,1156.7,3162.49,164720.04,163452.59,293,277,25,9,0,12,7
2023-06-01,Mid-Market,88152.61,111401.47,26435.19,1415.37,0.0,814.5,3787.2,88152.61,84966.28,26,21,6,1,0,3,1
2023-06-01,Enterprise,246619.76,278174.53,31665.92,3650.85,0.0,3762.0,0.0,246619.76,246508.61,14,13,1,0,0,1,1
2025-12-01,SMB,200219.94,209636.61,16186.86,1812.04,50.0,1964.08,6668.15,200219.94,193399.75,362,344,33,16,1,17,8
2026-07-01,SMB,252779.11,268165.97,11488.08,10948.31,998.42,2192.88,5855.07,252779.11,255679.47,460,454,27,24,3,29,18
2023-02-01,Mid-Market,17441.25,49692.45,32251.2,0.0,0.0,0.0,0.0,17441.25,17441.25,9,2,7,0,0,0,0
2026-02-01,Mid-Market,816203.41,853699.49,35144.99,20490.82,0.0,7840.01,10299.72,816203.41,818554.5,225,214,15,4,0,21,7
2026-06-01,Mid-Market,1057326.99,1114950.61,72674.13,28685.97,0.0,12473.1,31263.38,1057326.99,1042276.48,275,259,20,4,0,29,11
2026-02-01,Enterprise,3585423.08,3563221.44,112475.51,56519.33,0.0,34672.24,156524.24,3585423.08,3450745.93,132,129,5,2,0,14,3
2026-06-01,Enterprise,4323164.44,4556963.84,244908.32,57755.55,0.0,41774.55,27089.92,4323164.44,4312055.52,155,147,9,1,0,13,7
2023-02-01,Enterprise,41689.34,88824.23,47134.89,0.0,0.0,0.0,0.0,41689.34,41689.34,3,1,2,0,0,0,0
2023-08-01,SMB,41363.16,44916.1,5048.76,25.0,0.0,0.0,1520.82,41363.16,39867.34,64,58,7,1,0,1,0
2024-01-01,SMB,63711.27,67863.47,8106.12,913.09,0.0,2374.01,2493.0,63711.27,59757.35,109,98,18,7,0,6,5
2026-05-01,SMB,250768.71,262903.54,12895.24,10188.34,0.0,2853.9,8094.85,250768.71,250008.3,447,441,30,24,0,26,17
2023-01-01,SMB,0.0,11046.74,11046.74,0.0,0.0,0.0,0.0,0.0,0.0,12,0,12,0,0,0,0
2023-11-01,SMB,54832.51,60671.22,9647.18,1358.2,1080.0,48.25,6198.42,54832.51,49944.04,89,81,17,10,1,7,1
2024-10-01,SMB,114582.78,115223.06,7816.44,2191.06,524.34,1128.25,8763.31,114582.78,106882.28,198,196,18,17,1,18,3
2025-02-01,SMB,132301.34,140489.49,9580.56,6510.14,957.38,308.8,8551.13,132301.34,129951.55,235,224,20,10,1,15,6
2024-04-01,Mid-Market,279293.12,286255.61,9946.57,8970.5,0.0,2671.38,9283.2,279293.12,276309.04,80,73,8,1,0,10,3
2024-11-01,Mid-Market,363524.98,381195.91,24715.73,8618.91,0.0,1425.33,14238.38,363524.98,356480.18,106,101,6,1,0,8,3
2026-03-01,Mid-Market,853699.49,945369.57,67696.15,35611.26,0.0,6928.44,4708.89,853699.49,877673.42,245,225,22,2,0,25,11
2024-04-01,Enterprise,677194.24,773461.83,78702.84,24764.75,0.0,748.8,6451.2,677194.24,694758.99,40,37,4,1,0,4,1
2024-11-01,Enterprise,1481684.87,1608098.48,133310.03,16224.26,0.0,23120.68,0.0,1481684.87,1474788.45,70,64,6,0,0,7,3
2026-03-01,Enterprise,3563221.44,3699827.91,76880.07,116734.64,0.0,35482.64,21525.6,3563221.44,3622947.84,135,132,6,3,0,17,5
2023-08-01,Mid-Market,147133.24,163735.91,11993.7,5841.9,0.0,1232.93,0.0,147133.24,151742.21,38,33,5,0,0,3,1
2024-01-01,Mid-Market,232107.55,240681.19,14360.69,806.85,0.0,5092.87,1501.03,232107.55,226320.5,68,62,8,2,0,3,3
2026-05-01,Mid-Market,973682.7,1057326.99,64649.33,43543.12,0.0,1736.1,22812.06,973682.7,992677.66,259,251,14,6,0,17,2
2023-08-01,Enterprise,367789.9,385902.63,16842.53,3172.05,0.0,1901.85,0.0,367789.9,369060.1,20,18,2,0,0,1,1
2024-01-01,Enterprise,609788.51,608149.11,5036.02,6393.13,0.0,13068.55,0.0,609788.51,603113.09,30,29,1,0,0,3,2
2026-05-01,Enterprise,3904064.9,4323164.44,198430.5,134595.45,116818.24,30744.65,0.0,3904064.9,4007915.7,147,138,8,0,1,20,8
2024-05-01,SMB,86109.16,91987.01,7623.89,1434.7,0.0,991.36,2189.38,86109.16,84363.12,151,142,14,5,0,5,5
2024-09-01,SMB,112139.38,114582.78,8958.97,2203.27,99.7,912.36,7906.18,112139.38,105524.11,196,180,23,8,1,13,5
2025-07-01,SMB,174850.24,173811.33,5518.36,4077.64,93.1,1542.58,9185.43,174850.24,168199.87,294,293,15,15,1,24,8
2026-04-01,SMB,241610.46,250768.71,16488.05,6110.53,2536.2,825.26,15151.27,241610.46,231744.46,441,422,35,18,2,19,5
2023-07-01,Mid-Market,111401.47,147133.24,39894.95,3588.97,0.0,0.0,7752.15,111401.47,107238.29,33,26,8,1,0,2,0
2024-02-01,Mid-Market,240681.19,258603.83,23436.41,5448.61,0.0,2266.88,8695.5,240681.19,235167.42,69,68,5,4,0,7,1
2026-01-01,Mid-Market,757780.8,816203.41,53906.01,19640.32,0.0,8796.03,6327.69,757780.8,762297.4,214,205,15,6,0,21,7
2023-07-01,Enterprise,278174.53,367789.9,87883.97,1731.4,0.0,0.0,0.0,278174.53,279905.93,18,14,4,0,0,1,0
2024-02-01,Enterprise,608149.11,621305.37,5914.95,8495.31,0.0,1254.0,0.0,608149.11,615390.42,31,30,1,0,0,3,1
2026-01-01,Enterprise,3415138.24,3585423.08,116017.09,143791.0,0.0,89523.25,0.0,3415138.24,3469405.99,129,123,6,0,0,17,4
2024-06-01,SMB,91987.01,96065.48,8884.81,2851.6,630.0,459.37,7828.57,91987.01,86550.67,158,151,16,10,1,12,6
2025-04-01,SMB,143682.43,160780.7,19737.09,1460.63,0.0,346.41,3753.04,143682.43,141043.61,262,244,27,9,0,15,4
2023-10-01,Mid-Market,158091.15,171966.85,10381.55,4845.72,0.0,1351.57,0.0,158091.15,161585.3,46,39,7,0,0,3,2
2025-10-01,Mid-Market,670121.94,694020.95,38213.74,16419.84,0.0,6659.73,24074.84,670121.94,655807.21,184,177,13,6,0,18,3
2026-08-01,Mid-Market,1186997.69,1214203.27,30637.74,14040.49,0.0,16018.92,1453.73,1186997.69,1183565.53,304,292,14,2,0,17,16
2023-10-01,Enterprise,380723.83,532622.14,136765.94,17901.07,0.0,0.0,2768.7,380723.83,395856.2,26,23,4,1,0,3,0
2025-10-01,Enterprise,2730666.42,2886379.42,125765.59,107058.89,0.0,28944.09,48167.39,2730666.42,2760613.83,114,111,6,3,0,8,4
2026-08-01,Enterprise,4680887.59,4875574.39,200057.05,92735.85,0.0,39432.1,58674.0,4680887.59,4675517.34,166,157,10,1,0,13,6
